-- phpMyAdmin SQL Dump
-- version 5.2.1
-- https://www.phpmyadmin.net/
--
-- Servidor: 127.0.0.1
-- Tiempo de generación: 19-03-2025 a las 00:52:10
-- Versión del servidor: 10.4.32-MariaDB
-- Versión de PHP: 8.2.12

SET SQL_MODE = "NO_AUTO_VALUE_ON_ZERO";
START TRANSACTION;
SET time_zone = "+00:00";


/*!40101 SET @OLD_CHARACTER_SET_CLIENT=@@CHARACTER_SET_CLIENT */;
/*!40101 SET @OLD_CHARACTER_SET_RESULTS=@@CHARACTER_SET_RESULTS */;
/*!40101 SET @OLD_COLLATION_CONNECTION=@@COLLATION_CONNECTION */;
/*!40101 SET NAMES utf8mb4 */;

--
-- Base de datos: `battle_royale`
--

-- --------------------------------------------------------

--
-- Estructura de tabla para la tabla `armas`
--

CREATE TABLE `armas` (
  `id_arma` int(11) NOT NULL,
  `nom_arma` varchar(255) NOT NULL,
  `balas` int(11) NOT NULL,
  `img` varchar(255) DEFAULT NULL,
  `id_tipo_arma` int(11) NOT NULL
) ENGINE=InnoDB DEFAULT CHARSET=utf8mb4 COLLATE=utf8mb4_general_ci;

--
-- Volcado de datos para la tabla `armas`
--

INSERT INTO `armas` (`id_arma`, `nom_arma`, `balas`, `img`, `id_tipo_arma`) VALUES
(1, 'Puño', 0, '../img/armas/67da06a084b06_puño.JPG', 1),
(2, 'Classic', 10, '../img/armas/67c0c1d87b959_Classic.jpg', 2),
(3, 'Frenzy', 15, '../img/armas/67c0c1f495758_Frenzy.jpg', 2),
(4, 'Shorty', 8, '../img/armas/67c0c20a06fad_Shorty.jpg', 2),
(5, 'Spectre', 30, '../img/armas/67c0c242c268f_Spectre.jpg', 3),
(6, 'Phantom', 35, '../img/armas/67c0c271aef38_Phantom.jpg', 3),
(7, 'Guardian', 30, '../img/armas/67c0c28b555d3_Guardian.jpg', 3),
(8, 'Outlaw', 6, '../img/armas/67c0c2ab0ff0c_Outlaw.jpg', 4),
(9, 'Marshal', 5, '../img/armas/67c0c2bb102b7_Marshal.jpg', 4),
(10, 'Operator', 8, '../img/armas/67c0c2c9741fd_Operator.jpg', 4);

-- --------------------------------------------------------

--
-- Estructura de tabla para la tabla `avatar`
--

CREATE TABLE `avatar` (
  `id_avatar` int(11) NOT NULL,
  `nom_avatar` varchar(255) NOT NULL,
  `img` varchar(255) NOT NULL
) ENGINE=InnoDB DEFAULT CHARSET=utf8mb4 COLLATE=utf8mb4_general_ci;

--
-- Volcado de datos para la tabla `avatar`
--

INSERT INTO `avatar` (`id_avatar`, `nom_avatar`, `img`) VALUES
(1, 'Chamber', '../img/avatars/67c0c3cc540ae_Chamber.png'),
(2, 'Cypher', '../img/avatars/67c0c3e60ffc9_Cypher.png'),
(3, 'Phoenix', '../img/avatars/67c0c40b2ae7c_Phoenix.png'),
(4, 'Sage', '../img/avatars/67c0c41295bcf_Sage.png'),
(5, 'Viper', '../img/avatars/67c0c41997921_Viper.png');

-- --------------------------------------------------------

--
-- Estructura de tabla para la tabla `estados`
--

CREATE TABLE `estados` (
  `id_estado` int(11) NOT NULL,
  `nom_estado` varchar(255) NOT NULL
) ENGINE=InnoDB DEFAULT CHARSET=utf8mb4 COLLATE=utf8mb4_general_ci;

--
-- Volcado de datos para la tabla `estados`
--

INSERT INTO `estados` (`id_estado`, `nom_estado`) VALUES
(1, 'activado'),
(2, 'desactivado'),
(3, 'inactivo'),
(4, 'en espera'),
(5, 'en juego'),
(6, 'finalizada');

-- --------------------------------------------------------

--
-- Estructura de tabla para la tabla `jugadores_armas`
--

CREATE TABLE `jugadores_armas` (
  `id` int(11) NOT NULL,
  `id_jugador` int(11) NOT NULL,
  `id_arma` int(11) NOT NULL,
  `equipada_en` timestamp NOT NULL DEFAULT current_timestamp()
) ENGINE=InnoDB DEFAULT CHARSET=utf8mb4 COLLATE=utf8mb4_general_ci;

--
-- Volcado de datos para la tabla `jugadores_armas`
--

INSERT INTO `jugadores_armas` (`id`, `id_jugador`, `id_arma`, `equipada_en`) VALUES
(15, 10000006, 1, '2025-02-28 04:04:00'),
(16, 10000006, 2, '2025-02-28 04:04:00'),
(17, 10000007, 1, '2025-02-28 04:38:40'),
(18, 10000007, 2, '2025-02-28 04:38:40'),
(71, 10000004, 1, '2025-03-09 16:45:17'),
(72, 10000004, 3, '2025-03-09 16:45:17'),
(75, 10000008, 1, '2025-03-09 17:10:12'),
(76, 10000008, 3, '2025-03-09 17:10:12'),
(77, 10000005, 1, '2025-03-10 02:04:54'),
(78, 10000005, 4, '2025-03-10 02:04:54'),
(79, 10000009, 1, '2025-03-18 15:51:43'),
(80, 10000009, 2, '2025-03-18 15:51:43');

-- --------------------------------------------------------

--
-- Estructura de tabla para la tabla `jugadores_salas`
--

CREATE TABLE `jugadores_salas` (
  `id` int(11) NOT NULL,
  `id_jugador` int(11) NOT NULL,
  `id_sala` int(11) NOT NULL,
  `hora_entrada` timestamp NOT NULL DEFAULT current_timestamp(),
  `hora_salida` timestamp NOT NULL DEFAULT (current_timestamp() + interval 10 minute),
  `id_estado_sala` int(11) NOT NULL,
  `listo` tinyint(1) DEFAULT 0,
  `vida` int(11) DEFAULT 100
) ENGINE=InnoDB DEFAULT CHARSET=utf8mb4 COLLATE=utf8mb4_general_ci;

--
-- Volcado de datos para la tabla `jugadores_salas`
--

INSERT INTO `jugadores_salas` (`id`, `id_jugador`, `id_sala`, `hora_entrada`, `hora_salida`, `id_estado_sala`, `listo`, `vida`) VALUES
(121, 10000004, 34, '2025-03-10 01:43:50', '2025-03-10 01:53:50', 2, 1, 90),
(122, 10000006, 34, '2025-03-10 01:43:51', '2025-03-10 01:53:51', 2, 1, 0),
(123, 10000004, 35, '2025-03-10 01:45:29', '2025-03-10 01:55:29', 2, 1, 90),
(124, 10000006, 35, '2025-03-10 01:45:29', '2025-03-10 01:55:29', 2, 1, 0),
(127, 10000005, 36, '2025-03-10 02:22:08', '2025-03-10 02:32:08', 2, 1, 100),
(128, 10000006, 36, '2025-03-10 02:22:09', '2025-03-10 02:32:09', 2, 1, 0),
(129, 10000004, 36, '2025-03-10 02:22:11', '2025-03-10 02:32:11', 2, 1, 0),
(130, 10000006, 37, '2025-03-10 02:29:55', '2025-03-10 02:39:55', 2, 1, 0),
(131, 10000004, 37, '2025-03-10 02:29:56', '2025-03-10 02:39:56', 2, 1, 0),
(132, 10000005, 37, '2025-03-10 02:29:59', '2025-03-10 02:39:59', 2, 1, 96),
(133, 10000006, 38, '2025-03-10 03:02:59', '2025-03-10 03:12:59', 2, 1, 0),
(134, 10000005, 38, '2025-03-10 03:03:01', '2025-03-10 03:13:01', 2, 1, 80),
(135, 10000004, 38, '2025-03-10 03:03:03', '2025-03-10 03:13:03', 2, 1, 0),
(136, 10000006, 39, '2025-03-10 03:18:00', '2025-03-10 03:28:00', 2, 1, 50),
(137, 10000004, 39, '2025-03-10 03:18:04', '2025-03-10 03:28:04', 2, 1, 0),
(138, 10000004, 40, '2025-03-10 03:22:41', '2025-03-10 03:32:41', 2, 1, 0),
(139, 10000006, 40, '2025-03-10 03:22:41', '2025-03-10 03:32:41', 2, 1, 100),
(145, 10000006, 42, '2025-03-10 03:37:48', '2025-03-10 03:47:48', 2, 1, 0),
(146, 10000004, 42, '2025-03-10 03:37:48', '2025-03-10 03:47:48', 2, 1, 100),
(148, 10000004, 43, '2025-03-10 03:38:30', '2025-03-10 03:48:30', 2, 1, 100),
(149, 10000006, 43, '2025-03-10 03:38:31', '2025-03-10 03:48:31', 2, 1, 0),
(151, 10000008, 44, '2025-03-18 19:13:26', '2025-03-18 19:23:26', 2, 1, 0),
(152, 10000009, 44, '2025-03-18 19:13:29', '2025-03-18 19:23:29', 2, 1, 0),
(153, 10000006, 44, '2025-03-18 19:13:29', '2025-03-18 19:23:29', 2, 1, 100);

-- --------------------------------------------------------

--
-- Estructura de tabla para la tabla `mundos`
--

CREATE TABLE `mundos` (
  `id_mundo` int(11) NOT NULL,
  `nom_mundo` varchar(255) NOT NULL,
  `max_jugadores` int(11) NOT NULL,
  `img` varchar(255) DEFAULT NULL
) ENGINE=InnoDB DEFAULT CHARSET=utf8mb4 COLLATE=utf8mb4_general_ci;

--
-- Volcado de datos para la tabla `mundos`
--

INSERT INTO `mundos` (`id_mundo`, `nom_mundo`, `max_jugadores`, `img`) VALUES
(1, 'Breeze', 5, '../img/mundos/67c0c6f16cf66_Breeze_loading_screen.jpg'),
(2, 'Abyss', 5, '../img/mundos/67c0c708b138c_Loading_Screen_Abyss.jpg');

-- --------------------------------------------------------

--
-- Estructura de tabla para la tabla `niveles`
--

CREATE TABLE `niveles` (
  `id_nivel` int(11) NOT NULL,
  `nom_nivel` varchar(255) NOT NULL,
  `puntos_necesarios` int(11) NOT NULL,
  `img` varchar(255) DEFAULT NULL
) ENGINE=InnoDB DEFAULT CHARSET=utf8mb4 COLLATE=utf8mb4_general_ci;

--
-- Volcado de datos para la tabla `niveles`
--

INSERT INTO `niveles` (`id_nivel`, `nom_nivel`, `puntos_necesarios`, `img`) VALUES
(1, 'Plata', 0, '../img/niveles/67c0c73b719f4_silver.png'),
(2, 'Oro', 500, '../img/niveles/67c0c76017692_Gold.png');

-- --------------------------------------------------------

--
-- Estructura de tabla para la tabla `partidas_eventos`
--

CREATE TABLE `partidas_eventos` (
  `id` int(11) NOT NULL,
  `id_jugador` int(11) NOT NULL,
  `id_jugador_sala` int(11) NOT NULL,
  `id_tipo_evento` int(11) NOT NULL,
  `puntos` int(11) NOT NULL,
  `timestamp` timestamp NOT NULL DEFAULT current_timestamp(),
  `id_sala` int(11) NOT NULL,
  `arma_id` int(11) DEFAULT NULL
) ENGINE=InnoDB DEFAULT CHARSET=utf8mb4 COLLATE=utf8mb4_general_ci;

--
-- Volcado de datos para la tabla `partidas_eventos`
--

INSERT INTO `partidas_eventos` (`id`, `id_jugador`, `id_jugador_sala`, `id_tipo_evento`, `puntos`, `timestamp`, `id_sala`, `arma_id`) VALUES
(1548, 10000004, 122, 1, 2, '2025-03-10 01:44:13', 34, NULL),
(1549, 10000004, 122, 1, 2, '2025-03-10 01:44:13', 34, NULL),
(1550, 10000004, 122, 1, 2, '2025-03-10 01:44:14', 34, NULL),
(1551, 10000004, 122, 1, 2, '2025-03-10 01:44:14', 34, NULL),
(1552, 10000004, 122, 1, 2, '2025-03-10 01:44:14', 34, NULL),
(1553, 10000004, 122, 1, 2, '2025-03-10 01:44:14', 34, NULL),
(1554, 10000004, 122, 1, 2, '2025-03-10 01:44:14', 34, NULL),
(1555, 10000004, 122, 1, 2, '2025-03-10 01:44:14', 34, NULL),
(1556, 10000004, 122, 1, 2, '2025-03-10 01:44:14', 34, NULL),
(1557, 10000004, 122, 1, 2, '2025-03-10 01:44:14', 34, NULL),
(1558, 10000004, 122, 1, 2, '2025-03-10 01:44:15', 34, NULL),
(1559, 10000004, 122, 1, 2, '2025-03-10 01:44:15', 34, NULL),
(1560, 10000004, 122, 1, 2, '2025-03-10 01:44:15', 34, NULL),
(1561, 10000004, 122, 1, 2, '2025-03-10 01:44:15', 34, NULL),
(1562, 10000004, 122, 1, 2, '2025-03-10 01:44:15', 34, NULL),
(1563, 10000004, 122, 1, 2, '2025-03-10 01:44:16', 34, NULL),
(1564, 10000004, 122, 1, 2, '2025-03-10 01:44:16', 34, NULL),
(1565, 10000004, 122, 1, 2, '2025-03-10 01:44:16', 34, NULL),
(1566, 10000004, 122, 1, 2, '2025-03-10 01:44:16', 34, NULL),
(1567, 10000004, 122, 1, 2, '2025-03-10 01:44:16', 34, NULL),
(1568, 10000004, 122, 1, 2, '2025-03-10 01:44:16', 34, NULL),
(1569, 10000004, 122, 1, 2, '2025-03-10 01:44:16', 34, NULL),
(1570, 10000004, 122, 1, 2, '2025-03-10 01:44:17', 34, NULL),
(1571, 10000004, 122, 1, 2, '2025-03-10 01:44:17', 34, NULL),
(1572, 10000004, 122, 1, 2, '2025-03-10 01:44:17', 34, NULL),
(1573, 10000004, 122, 1, 2, '2025-03-10 01:44:17', 34, NULL),
(1574, 10000004, 122, 1, 2, '2025-03-10 01:44:17', 34, NULL),
(1575, 10000006, 121, 1, 2, '2025-03-10 01:44:19', 34, NULL),
(1576, 10000006, 121, 1, 2, '2025-03-10 01:44:20', 34, NULL),
(1577, 10000006, 121, 1, 2, '2025-03-10 01:44:20', 34, NULL),
(1578, 10000006, 121, 1, 2, '2025-03-10 01:44:20', 34, NULL),
(1579, 10000006, 121, 1, 2, '2025-03-10 01:44:21', 34, NULL),
(1580, 10000004, 122, 1, 2, '2025-03-10 01:44:22', 34, NULL),
(1581, 10000004, 122, 1, 2, '2025-03-10 01:44:22', 34, NULL),
(1582, 10000004, 122, 1, 2, '2025-03-10 01:44:23', 34, NULL),
(1583, 10000004, 122, 1, 2, '2025-03-10 01:44:23', 34, NULL),
(1584, 10000004, 122, 1, 2, '2025-03-10 01:44:23', 34, NULL),
(1585, 10000004, 122, 1, 2, '2025-03-10 01:44:23', 34, NULL),
(1586, 10000004, 122, 1, 2, '2025-03-10 01:44:23', 34, NULL),
(1587, 10000004, 122, 1, 2, '2025-03-10 01:44:23', 34, NULL),
(1588, 10000004, 122, 1, 2, '2025-03-10 01:44:23', 34, NULL),
(1589, 10000004, 122, 1, 2, '2025-03-10 01:44:24', 34, NULL),
(1590, 10000004, 122, 1, 2, '2025-03-10 01:44:24', 34, NULL),
(1591, 10000004, 122, 1, 2, '2025-03-10 01:44:24', 34, NULL),
(1592, 10000004, 122, 1, 2, '2025-03-10 01:44:24', 34, NULL),
(1593, 10000004, 122, 1, 2, '2025-03-10 01:44:24', 34, NULL),
(1594, 10000004, 122, 1, 2, '2025-03-10 01:44:24', 34, NULL),
(1595, 10000004, 122, 1, 2, '2025-03-10 01:44:25', 34, NULL),
(1596, 10000004, 122, 1, 2, '2025-03-10 01:44:25', 34, NULL),
(1597, 10000004, 122, 1, 2, '2025-03-10 01:44:25', 34, NULL),
(1598, 10000004, 122, 1, 2, '2025-03-10 01:44:25', 34, NULL),
(1599, 10000004, 122, 1, 2, '2025-03-10 01:44:25', 34, NULL),
(1600, 10000004, 122, 1, 2, '2025-03-10 01:44:25', 34, NULL),
(1601, 10000004, 122, 1, 2, '2025-03-10 01:44:26', 34, NULL),
(1602, 10000004, 122, 1, 2, '2025-03-10 01:44:44', 34, NULL),
(1603, 10000004, 122, 2, 40, '2025-03-10 01:44:44', 34, NULL),
(1604, 10000006, 122, 3, 0, '2025-03-10 01:44:44', 34, NULL),
(1605, 10000004, 124, 1, 2, '2025-03-10 01:45:48', 35, NULL),
(1606, 10000004, 124, 1, 2, '2025-03-10 01:45:48', 35, NULL),
(1607, 10000004, 124, 1, 2, '2025-03-10 01:45:48', 35, NULL),
(1608, 10000004, 124, 1, 2, '2025-03-10 01:45:49', 35, NULL),
(1609, 10000004, 124, 1, 2, '2025-03-10 01:45:49', 35, NULL),
(1610, 10000004, 124, 1, 2, '2025-03-10 01:45:49', 35, NULL),
(1611, 10000004, 124, 1, 2, '2025-03-10 01:45:49', 35, NULL),
(1612, 10000004, 124, 1, 2, '2025-03-10 01:45:49', 35, NULL),
(1613, 10000004, 124, 1, 2, '2025-03-10 01:45:49', 35, NULL),
(1614, 10000004, 124, 1, 2, '2025-03-10 01:45:49', 35, NULL),
(1615, 10000004, 124, 1, 2, '2025-03-10 01:45:50', 35, NULL),
(1616, 10000004, 124, 1, 2, '2025-03-10 01:45:50', 35, NULL),
(1617, 10000004, 124, 1, 2, '2025-03-10 01:45:50', 35, NULL),
(1618, 10000004, 124, 1, 2, '2025-03-10 01:45:50', 35, NULL),
(1619, 10000004, 124, 1, 2, '2025-03-10 01:45:50', 35, NULL),
(1620, 10000004, 124, 1, 2, '2025-03-10 01:45:51', 35, NULL),
(1621, 10000004, 124, 1, 2, '2025-03-10 01:45:51', 35, NULL),
(1622, 10000004, 124, 1, 2, '2025-03-10 01:45:51', 35, NULL),
(1623, 10000004, 124, 1, 2, '2025-03-10 01:45:51', 35, NULL),
(1624, 10000004, 124, 1, 2, '2025-03-10 01:45:51', 35, NULL),
(1625, 10000004, 124, 1, 2, '2025-03-10 01:45:51', 35, NULL),
(1626, 10000004, 124, 1, 2, '2025-03-10 01:45:52', 35, NULL),
(1627, 10000004, 124, 1, 2, '2025-03-10 01:45:52', 35, NULL),
(1628, 10000004, 124, 1, 2, '2025-03-10 01:45:52', 35, NULL),
(1629, 10000004, 124, 1, 2, '2025-03-10 01:45:52', 35, NULL),
(1630, 10000004, 124, 1, 2, '2025-03-10 01:45:52', 35, NULL),
(1631, 10000004, 124, 1, 2, '2025-03-10 01:45:53', 35, NULL),
(1632, 10000004, 124, 1, 2, '2025-03-10 01:45:53', 35, NULL),
(1633, 10000004, 124, 1, 2, '2025-03-10 01:45:53', 35, NULL),
(1634, 10000004, 124, 1, 2, '2025-03-10 01:45:53', 35, NULL),
(1635, 10000004, 124, 1, 2, '2025-03-10 01:45:53', 35, NULL),
(1636, 10000004, 124, 1, 2, '2025-03-10 01:45:53', 35, NULL),
(1637, 10000004, 124, 1, 2, '2025-03-10 01:45:53', 35, NULL),
(1638, 10000004, 124, 1, 2, '2025-03-10 01:45:54', 35, NULL),
(1639, 10000004, 124, 1, 2, '2025-03-10 01:45:54', 35, NULL),
(1640, 10000004, 124, 1, 2, '2025-03-10 01:45:54', 35, NULL),
(1641, 10000004, 124, 1, 2, '2025-03-10 01:45:54', 35, NULL),
(1642, 10000004, 124, 1, 2, '2025-03-10 01:45:54', 35, NULL),
(1643, 10000004, 124, 1, 2, '2025-03-10 01:45:55', 35, NULL),
(1644, 10000004, 124, 1, 2, '2025-03-10 01:45:55', 35, NULL),
(1645, 10000004, 124, 1, 2, '2025-03-10 01:45:55', 35, NULL),
(1646, 10000004, 124, 1, 2, '2025-03-10 01:45:55', 35, NULL),
(1647, 10000006, 123, 1, 2, '2025-03-10 01:45:57', 35, NULL),
(1648, 10000006, 123, 1, 2, '2025-03-10 01:45:57', 35, NULL),
(1649, 10000006, 123, 1, 2, '2025-03-10 01:45:58', 35, NULL),
(1650, 10000006, 123, 1, 2, '2025-03-10 01:45:58', 35, NULL),
(1651, 10000006, 123, 1, 2, '2025-03-10 01:45:58', 35, NULL),
(1652, 10000004, 124, 1, 2, '2025-03-10 01:46:00', 35, NULL),
(1653, 10000004, 124, 1, 2, '2025-03-10 01:46:00', 35, NULL),
(1654, 10000004, 124, 1, 2, '2025-03-10 01:46:00', 35, NULL),
(1655, 10000004, 124, 1, 2, '2025-03-10 01:46:00', 35, NULL),
(1656, 10000004, 124, 1, 2, '2025-03-10 01:46:00', 35, NULL),
(1657, 10000004, 124, 1, 2, '2025-03-10 01:46:01', 35, NULL),
(1658, 10000004, 124, 1, 2, '2025-03-10 01:46:01', 35, NULL),
(1659, 10000004, 124, 1, 2, '2025-03-10 01:46:01', 35, NULL),
(1660, 10000004, 124, 2, 40, '2025-03-10 01:46:01', 35, NULL),
(1661, 10000006, 124, 3, 0, '2025-03-10 01:46:01', 35, NULL),
(1662, 10000005, 128, 1, 2, '2025-03-10 02:22:28', 36, NULL),
(1663, 10000005, 128, 1, 2, '2025-03-10 02:22:28', 36, NULL),
(1664, 10000005, 128, 1, 2, '2025-03-10 02:22:28', 36, NULL),
(1665, 10000005, 128, 1, 2, '2025-03-10 02:22:28', 36, NULL),
(1666, 10000005, 128, 1, 2, '2025-03-10 02:22:28', 36, NULL),
(1667, 10000005, 128, 1, 2, '2025-03-10 02:22:29', 36, NULL),
(1668, 10000005, 128, 1, 2, '2025-03-10 02:22:29', 36, NULL),
(1669, 10000005, 128, 1, 2, '2025-03-10 02:22:29', 36, NULL),
(1670, 10000005, 128, 1, 2, '2025-03-10 02:22:29', 36, NULL),
(1671, 10000005, 128, 1, 2, '2025-03-10 02:22:29', 36, NULL),
(1672, 10000005, 128, 1, 2, '2025-03-10 02:22:29', 36, NULL),
(1673, 10000005, 129, 1, 2, '2025-03-10 02:22:29', 36, NULL),
(1674, 10000005, 128, 1, 2, '2025-03-10 02:22:30', 36, NULL),
(1675, 10000005, 129, 1, 2, '2025-03-10 02:22:30', 36, NULL),
(1676, 10000005, 128, 1, 2, '2025-03-10 02:22:30', 36, NULL),
(1677, 10000005, 129, 1, 2, '2025-03-10 02:22:30', 36, NULL),
(1678, 10000005, 128, 1, 2, '2025-03-10 02:22:30', 36, NULL),
(1679, 10000005, 129, 1, 2, '2025-03-10 02:22:30', 36, NULL),
(1680, 10000005, 128, 1, 2, '2025-03-10 02:22:30', 36, NULL),
(1681, 10000005, 129, 1, 2, '2025-03-10 02:22:30', 36, NULL),
(1682, 10000005, 128, 1, 2, '2025-03-10 02:22:30', 36, NULL),
(1683, 10000005, 129, 1, 2, '2025-03-10 02:22:30', 36, NULL),
(1684, 10000005, 128, 1, 2, '2025-03-10 02:22:31', 36, NULL),
(1685, 10000005, 129, 1, 2, '2025-03-10 02:22:31', 36, NULL),
(1686, 10000005, 128, 1, 2, '2025-03-10 02:22:31', 36, NULL),
(1687, 10000005, 129, 1, 2, '2025-03-10 02:22:31', 36, NULL),
(1688, 10000005, 128, 1, 2, '2025-03-10 02:22:31', 36, NULL),
(1689, 10000005, 129, 1, 2, '2025-03-10 02:22:31', 36, NULL),
(1690, 10000005, 128, 1, 2, '2025-03-10 02:22:31', 36, NULL),
(1691, 10000005, 129, 1, 2, '2025-03-10 02:22:31', 36, NULL),
(1692, 10000005, 128, 1, 2, '2025-03-10 02:22:31', 36, NULL),
(1693, 10000005, 129, 1, 2, '2025-03-10 02:22:31', 36, NULL),
(1694, 10000005, 128, 1, 2, '2025-03-10 02:22:31', 36, NULL),
(1695, 10000005, 129, 1, 2, '2025-03-10 02:22:32', 36, NULL),
(1696, 10000005, 128, 1, 2, '2025-03-10 02:22:32', 36, NULL),
(1697, 10000005, 129, 1, 2, '2025-03-10 02:22:32', 36, NULL),
(1698, 10000005, 128, 1, 2, '2025-03-10 02:22:32', 36, NULL),
(1699, 10000005, 129, 1, 2, '2025-03-10 02:22:32', 36, NULL),
(1700, 10000005, 128, 1, 2, '2025-03-10 02:22:32', 36, NULL),
(1701, 10000005, 129, 1, 2, '2025-03-10 02:22:32', 36, NULL),
(1702, 10000005, 128, 1, 2, '2025-03-10 02:22:32', 36, NULL),
(1703, 10000005, 129, 1, 2, '2025-03-10 02:22:32', 36, NULL),
(1704, 10000005, 129, 1, 2, '2025-03-10 02:22:33', 36, NULL),
(1705, 10000005, 128, 1, 2, '2025-03-10 02:22:33', 36, NULL),
(1706, 10000005, 129, 1, 2, '2025-03-10 02:22:33', 36, NULL),
(1707, 10000005, 128, 1, 2, '2025-03-10 02:22:33', 36, NULL),
(1708, 10000005, 129, 1, 2, '2025-03-10 02:22:33', 36, NULL),
(1709, 10000005, 128, 1, 2, '2025-03-10 02:22:33', 36, NULL),
(1710, 10000005, 129, 1, 2, '2025-03-10 02:22:33', 36, NULL),
(1711, 10000005, 128, 1, 2, '2025-03-10 02:22:33', 36, NULL),
(1712, 10000005, 129, 1, 2, '2025-03-10 02:22:34', 36, NULL),
(1713, 10000005, 128, 1, 2, '2025-03-10 02:22:34', 36, NULL),
(1714, 10000005, 129, 1, 2, '2025-03-10 02:22:34', 36, NULL),
(1715, 10000005, 128, 1, 2, '2025-03-10 02:22:34', 36, NULL),
(1716, 10000005, 129, 1, 2, '2025-03-10 02:22:34', 36, NULL),
(1717, 10000005, 128, 1, 2, '2025-03-10 02:22:34', 36, NULL),
(1718, 10000005, 129, 1, 2, '2025-03-10 02:22:34', 36, NULL),
(1719, 10000005, 128, 1, 2, '2025-03-10 02:22:34', 36, NULL),
(1720, 10000005, 129, 1, 2, '2025-03-10 02:22:34', 36, NULL),
(1721, 10000005, 128, 1, 2, '2025-03-10 02:22:34', 36, NULL),
(1722, 10000005, 129, 1, 2, '2025-03-10 02:22:35', 36, NULL),
(1723, 10000005, 128, 1, 2, '2025-03-10 02:22:35', 36, NULL),
(1724, 10000005, 129, 1, 2, '2025-03-10 02:22:35', 36, NULL),
(1725, 10000005, 128, 1, 2, '2025-03-10 02:22:35', 36, NULL),
(1726, 10000005, 129, 1, 2, '2025-03-10 02:22:35', 36, NULL),
(1727, 10000005, 128, 1, 2, '2025-03-10 02:22:35', 36, NULL),
(1728, 10000005, 129, 1, 2, '2025-03-10 02:22:35', 36, NULL),
(1729, 10000005, 128, 1, 2, '2025-03-10 02:22:35', 36, NULL),
(1730, 10000005, 129, 1, 2, '2025-03-10 02:22:35', 36, NULL),
(1731, 10000005, 128, 1, 2, '2025-03-10 02:22:35', 36, NULL),
(1732, 10000005, 129, 1, 2, '2025-03-10 02:22:36', 36, NULL),
(1733, 10000005, 128, 1, 2, '2025-03-10 02:22:36', 36, NULL),
(1734, 10000005, 129, 1, 2, '2025-03-10 02:22:36', 36, NULL),
(1735, 10000005, 128, 1, 2, '2025-03-10 02:22:36', 36, NULL),
(1736, 10000005, 129, 1, 2, '2025-03-10 02:22:36', 36, NULL),
(1737, 10000005, 128, 1, 2, '2025-03-10 02:22:36', 36, NULL),
(1738, 10000005, 129, 1, 2, '2025-03-10 02:22:36', 36, NULL),
(1739, 10000005, 128, 1, 2, '2025-03-10 02:22:36', 36, NULL),
(1740, 10000005, 129, 1, 2, '2025-03-10 02:22:36', 36, NULL),
(1741, 10000005, 128, 1, 2, '2025-03-10 02:22:37', 36, NULL),
(1742, 10000005, 129, 1, 2, '2025-03-10 02:22:37', 36, NULL),
(1743, 10000005, 128, 1, 2, '2025-03-10 02:22:37', 36, NULL),
(1744, 10000005, 129, 1, 2, '2025-03-10 02:22:37', 36, NULL),
(1745, 10000005, 128, 1, 2, '2025-03-10 02:22:37', 36, NULL),
(1746, 10000005, 129, 1, 2, '2025-03-10 02:22:37', 36, NULL),
(1747, 10000005, 128, 1, 2, '2025-03-10 02:22:37', 36, NULL),
(1748, 10000005, 129, 1, 2, '2025-03-10 02:22:37', 36, NULL),
(1749, 10000005, 128, 1, 2, '2025-03-10 02:22:37', 36, NULL),
(1750, 10000005, 129, 1, 2, '2025-03-10 02:22:37', 36, NULL),
(1751, 10000005, 128, 1, 2, '2025-03-10 02:22:38', 36, NULL),
(1752, 10000005, 128, 2, 40, '2025-03-10 02:22:38', 36, NULL),
(1753, 10000006, 128, 3, 0, '2025-03-10 02:22:38', 36, NULL),
(1754, 10000005, 129, 1, 2, '2025-03-10 02:22:39', 36, NULL),
(1755, 10000005, 129, 1, 2, '2025-03-10 02:22:39', 36, NULL),
(1756, 10000005, 129, 1, 2, '2025-03-10 02:22:39', 36, NULL),
(1757, 10000005, 129, 1, 2, '2025-03-10 02:22:39', 36, NULL),
(1758, 10000005, 129, 1, 2, '2025-03-10 02:22:40', 36, NULL),
(1759, 10000005, 129, 1, 2, '2025-03-10 02:22:40', 36, NULL),
(1760, 10000005, 129, 1, 2, '2025-03-10 02:22:40', 36, NULL),
(1761, 10000005, 129, 1, 2, '2025-03-10 02:22:40', 36, NULL),
(1762, 10000005, 129, 1, 2, '2025-03-10 02:22:40', 36, NULL),
(1763, 10000005, 129, 1, 2, '2025-03-10 02:22:40', 36, NULL),
(1764, 10000005, 129, 2, 40, '2025-03-10 02:22:40', 36, NULL),
(1765, 10000004, 129, 3, 0, '2025-03-10 02:22:40', 36, NULL),
(1766, 10000005, 130, 1, 2, '2025-03-10 02:30:24', 37, NULL),
(1767, 10000005, 131, 1, 2, '2025-03-10 02:30:24', 37, NULL),
(1768, 10000005, 130, 1, 2, '2025-03-10 02:30:24', 37, NULL),
(1769, 10000005, 131, 1, 2, '2025-03-10 02:30:24', 37, NULL),
(1770, 10000005, 130, 1, 2, '2025-03-10 02:30:25', 37, NULL),
(1771, 10000005, 131, 1, 2, '2025-03-10 02:30:25', 37, NULL),
(1772, 10000005, 130, 1, 2, '2025-03-10 02:30:25', 37, NULL),
(1773, 10000005, 131, 1, 2, '2025-03-10 02:30:25', 37, NULL),
(1774, 10000005, 130, 1, 2, '2025-03-10 02:30:25', 37, NULL),
(1775, 10000005, 131, 1, 2, '2025-03-10 02:30:25', 37, NULL),
(1776, 10000005, 130, 1, 2, '2025-03-10 02:30:26', 37, NULL),
(1777, 10000005, 131, 1, 2, '2025-03-10 02:30:26', 37, NULL),
(1778, 10000005, 130, 1, 2, '2025-03-10 02:30:26', 37, NULL),
(1779, 10000005, 130, 1, 2, '2025-03-10 02:30:26', 37, NULL),
(1780, 10000005, 130, 1, 2, '2025-03-10 02:30:26', 37, NULL),
(1781, 10000005, 130, 1, 2, '2025-03-10 02:30:26', 37, NULL),
(1782, 10000005, 130, 1, 2, '2025-03-10 02:30:27', 37, NULL),
(1783, 10000005, 130, 1, 2, '2025-03-10 02:30:27', 37, NULL),
(1784, 10000005, 130, 1, 2, '2025-03-10 02:30:27', 37, NULL),
(1785, 10000005, 130, 1, 2, '2025-03-10 02:30:27', 37, NULL),
(1786, 10000005, 130, 1, 2, '2025-03-10 02:30:27', 37, NULL),
(1787, 10000005, 130, 1, 2, '2025-03-10 02:30:28', 37, NULL),
(1788, 10000005, 130, 1, 2, '2025-03-10 02:30:28', 37, NULL),
(1789, 10000005, 130, 1, 2, '2025-03-10 02:30:28', 37, NULL),
(1790, 10000005, 130, 1, 2, '2025-03-10 02:30:28', 37, NULL),
(1791, 10000005, 130, 1, 2, '2025-03-10 02:30:28', 37, NULL),
(1792, 10000005, 130, 1, 2, '2025-03-10 02:30:28', 37, NULL),
(1793, 10000005, 130, 1, 2, '2025-03-10 02:30:28', 37, NULL),
(1794, 10000005, 130, 1, 2, '2025-03-10 02:30:29', 37, NULL),
(1795, 10000005, 130, 1, 2, '2025-03-10 02:30:29', 37, NULL),
(1796, 10000005, 130, 1, 2, '2025-03-10 02:30:29', 37, NULL),
(1797, 10000005, 130, 1, 2, '2025-03-10 02:30:29', 37, NULL),
(1798, 10000005, 130, 1, 2, '2025-03-10 02:30:29', 37, NULL),
(1799, 10000005, 130, 1, 2, '2025-03-10 02:30:29', 37, NULL),
(1800, 10000005, 130, 1, 2, '2025-03-10 02:30:30', 37, NULL),
(1801, 10000005, 130, 1, 2, '2025-03-10 02:30:30', 37, NULL),
(1802, 10000005, 130, 1, 2, '2025-03-10 02:30:30', 37, NULL),
(1803, 10000005, 130, 1, 2, '2025-03-10 02:30:30', 37, NULL),
(1804, 10000005, 130, 1, 2, '2025-03-10 02:30:30', 37, NULL),
(1805, 10000005, 130, 1, 2, '2025-03-10 02:30:30', 37, NULL),
(1806, 10000005, 130, 1, 2, '2025-03-10 02:30:31', 37, NULL),
(1807, 10000005, 130, 1, 2, '2025-03-10 02:30:31', 37, NULL),
(1808, 10000005, 130, 1, 2, '2025-03-10 02:30:31', 37, NULL),
(1809, 10000005, 130, 1, 2, '2025-03-10 02:30:31', 37, NULL),
(1810, 10000005, 130, 1, 2, '2025-03-10 02:30:31', 37, NULL),
(1811, 10000005, 130, 1, 2, '2025-03-10 02:30:32', 37, NULL),
(1812, 10000005, 130, 1, 2, '2025-03-10 02:30:32', 37, NULL),
(1813, 10000005, 130, 1, 2, '2025-03-10 02:30:32', 37, NULL),
(1814, 10000005, 130, 1, 2, '2025-03-10 02:30:32', 37, NULL),
(1815, 10000005, 130, 1, 2, '2025-03-10 02:30:32', 37, NULL),
(1816, 10000005, 130, 1, 2, '2025-03-10 02:30:32', 37, NULL),
(1817, 10000005, 131, 1, 2, '2025-03-10 02:30:33', 37, NULL),
(1818, 10000005, 131, 1, 2, '2025-03-10 02:30:33', 37, NULL),
(1819, 10000005, 131, 1, 2, '2025-03-10 02:30:33', 37, NULL),
(1820, 10000005, 131, 1, 2, '2025-03-10 02:30:34', 37, NULL),
(1821, 10000005, 131, 1, 2, '2025-03-10 02:30:34', 37, NULL),
(1822, 10000005, 131, 1, 2, '2025-03-10 02:30:34', 37, NULL),
(1823, 10000005, 131, 1, 2, '2025-03-10 02:30:34', 37, NULL),
(1824, 10000005, 131, 1, 2, '2025-03-10 02:30:34', 37, NULL),
(1825, 10000005, 131, 1, 2, '2025-03-10 02:30:34', 37, NULL),
(1826, 10000005, 131, 1, 2, '2025-03-10 02:30:35', 37, NULL),
(1827, 10000006, 132, 1, 2, '2025-03-10 02:30:37', 37, NULL),
(1828, 10000004, 132, 1, 2, '2025-03-10 02:30:41', 37, NULL),
(1829, 10000005, 130, 1, 2, '2025-03-10 02:30:43', 37, NULL),
(1830, 10000005, 131, 1, 2, '2025-03-10 02:30:43', 37, NULL),
(1831, 10000005, 130, 1, 2, '2025-03-10 02:30:43', 37, NULL),
(1832, 10000005, 131, 1, 2, '2025-03-10 02:30:44', 37, NULL),
(1833, 10000005, 130, 1, 2, '2025-03-10 02:30:44', 37, NULL),
(1834, 10000005, 131, 1, 2, '2025-03-10 02:30:44', 37, NULL),
(1835, 10000005, 130, 1, 2, '2025-03-10 02:30:44', 37, NULL),
(1836, 10000005, 131, 1, 2, '2025-03-10 02:30:44', 37, NULL),
(1837, 10000005, 130, 1, 2, '2025-03-10 02:30:44', 37, NULL),
(1838, 10000005, 130, 2, 40, '2025-03-10 02:30:44', 37, NULL),
(1839, 10000006, 130, 3, 0, '2025-03-10 02:30:44', 37, NULL),
(1840, 10000005, 131, 1, 2, '2025-03-10 02:30:45', 37, NULL),
(1841, 10000005, 131, 1, 2, '2025-03-10 02:30:46', 37, NULL),
(1842, 10000005, 131, 1, 2, '2025-03-10 02:30:46', 37, NULL),
(1843, 10000005, 131, 1, 2, '2025-03-10 02:30:46', 37, NULL),
(1844, 10000005, 131, 1, 2, '2025-03-10 02:30:46', 37, NULL),
(1845, 10000005, 131, 1, 2, '2025-03-10 02:30:46', 37, NULL),
(1846, 10000005, 131, 1, 2, '2025-03-10 02:30:46', 37, NULL),
(1847, 10000005, 131, 1, 2, '2025-03-10 02:30:47', 37, NULL),
(1848, 10000005, 131, 1, 2, '2025-03-10 02:30:47', 37, NULL),
(1849, 10000005, 131, 1, 2, '2025-03-10 02:30:47', 37, NULL),
(1850, 10000005, 131, 1, 2, '2025-03-10 02:30:48', 37, NULL),
(1851, 10000005, 131, 1, 2, '2025-03-10 02:30:48', 37, NULL),
(1852, 10000005, 131, 1, 2, '2025-03-10 02:30:48', 37, NULL),
(1853, 10000005, 131, 1, 2, '2025-03-10 02:30:48', 37, NULL),
(1854, 10000005, 131, 1, 2, '2025-03-10 02:30:48', 37, NULL),
(1855, 10000005, 131, 1, 2, '2025-03-10 02:30:48', 37, NULL),
(1856, 10000005, 131, 1, 2, '2025-03-10 02:30:48', 37, NULL),
(1857, 10000005, 131, 1, 2, '2025-03-10 02:30:49', 37, NULL),
(1858, 10000005, 131, 1, 2, '2025-03-10 02:30:49', 37, NULL),
(1859, 10000005, 131, 1, 2, '2025-03-10 02:30:49', 37, NULL),
(1860, 10000005, 131, 1, 2, '2025-03-10 02:30:49', 37, NULL),
(1861, 10000005, 131, 1, 2, '2025-03-10 02:30:49', 37, NULL),
(1862, 10000005, 131, 1, 2, '2025-03-10 02:30:49', 37, NULL),
(1863, 10000005, 131, 1, 2, '2025-03-10 02:30:50', 37, NULL),
(1864, 10000005, 131, 1, 2, '2025-03-10 02:30:50', 37, NULL),
(1865, 10000005, 131, 1, 2, '2025-03-10 02:30:50', 37, NULL),
(1866, 10000005, 131, 1, 2, '2025-03-10 02:30:50', 37, NULL),
(1867, 10000005, 131, 1, 2, '2025-03-10 02:30:50', 37, NULL),
(1868, 10000005, 131, 1, 2, '2025-03-10 02:30:50', 37, NULL),
(1869, 10000005, 131, 1, 2, '2025-03-10 02:30:51', 37, NULL),
(1870, 10000005, 131, 2, 40, '2025-03-10 02:30:51', 37, NULL),
(1871, 10000004, 131, 3, 0, '2025-03-10 02:30:51', 37, NULL),
(1872, 10000005, 133, 1, 2, '2025-03-10 03:03:47', 38, NULL),
(1873, 10000005, 135, 1, 2, '2025-03-10 03:03:48', 38, NULL),
(1874, 10000005, 133, 1, 2, '2025-03-10 03:03:48', 38, NULL),
(1875, 10000005, 135, 1, 2, '2025-03-10 03:03:48', 38, NULL),
(1876, 10000005, 133, 1, 2, '2025-03-10 03:03:48', 38, NULL),
(1877, 10000005, 135, 1, 2, '2025-03-10 03:03:48', 38, NULL),
(1878, 10000005, 133, 1, 2, '2025-03-10 03:03:48', 38, NULL),
(1879, 10000005, 135, 1, 2, '2025-03-10 03:03:48', 38, NULL),
(1880, 10000005, 133, 1, 2, '2025-03-10 03:03:48', 38, NULL),
(1881, 10000005, 135, 1, 2, '2025-03-10 03:03:49', 38, NULL),
(1882, 10000005, 133, 1, 2, '2025-03-10 03:03:49', 38, NULL),
(1883, 10000005, 135, 1, 2, '2025-03-10 03:03:49', 38, NULL),
(1884, 10000005, 133, 1, 2, '2025-03-10 03:03:49', 38, NULL),
(1885, 10000005, 135, 1, 2, '2025-03-10 03:03:49', 38, NULL),
(1886, 10000005, 133, 1, 2, '2025-03-10 03:03:49', 38, NULL),
(1887, 10000005, 135, 1, 2, '2025-03-10 03:03:49', 38, NULL),
(1888, 10000005, 133, 1, 2, '2025-03-10 03:03:49', 38, NULL),
(1889, 10000005, 135, 1, 2, '2025-03-10 03:03:49', 38, NULL),
(1890, 10000005, 133, 1, 2, '2025-03-10 03:03:50', 38, NULL),
(1891, 10000005, 135, 1, 2, '2025-03-10 03:03:50', 38, NULL),
(1892, 10000005, 133, 1, 2, '2025-03-10 03:03:50', 38, NULL),
(1893, 10000005, 135, 1, 2, '2025-03-10 03:03:50', 38, NULL),
(1894, 10000005, 133, 1, 2, '2025-03-10 03:03:50', 38, NULL),
(1895, 10000005, 135, 1, 2, '2025-03-10 03:03:50', 38, NULL),
(1896, 10000005, 133, 1, 2, '2025-03-10 03:03:50', 38, NULL),
(1897, 10000005, 135, 1, 2, '2025-03-10 03:03:50', 38, NULL),
(1898, 10000005, 133, 1, 2, '2025-03-10 03:03:50', 38, NULL),
(1899, 10000005, 135, 1, 2, '2025-03-10 03:03:51', 38, NULL),
(1900, 10000005, 133, 1, 2, '2025-03-10 03:03:51', 38, NULL),
(1901, 10000005, 135, 1, 2, '2025-03-10 03:03:51', 38, NULL),
(1902, 10000005, 133, 1, 2, '2025-03-10 03:03:51', 38, NULL),
(1903, 10000005, 135, 1, 2, '2025-03-10 03:03:51', 38, NULL),
(1904, 10000005, 133, 1, 2, '2025-03-10 03:03:51', 38, NULL),
(1905, 10000005, 135, 1, 2, '2025-03-10 03:03:51', 38, NULL),
(1906, 10000005, 133, 1, 2, '2025-03-10 03:03:51', 38, NULL),
(1907, 10000005, 135, 1, 2, '2025-03-10 03:03:51', 38, NULL),
(1908, 10000005, 133, 1, 2, '2025-03-10 03:03:52', 38, NULL),
(1909, 10000005, 135, 1, 2, '2025-03-10 03:03:52', 38, NULL),
(1910, 10000005, 133, 1, 2, '2025-03-10 03:03:52', 38, NULL),
(1911, 10000005, 135, 1, 2, '2025-03-10 03:03:52', 38, NULL),
(1912, 10000005, 133, 1, 2, '2025-03-10 03:03:52', 38, NULL),
(1913, 10000005, 135, 1, 2, '2025-03-10 03:03:52', 38, NULL),
(1914, 10000005, 133, 1, 2, '2025-03-10 03:03:52', 38, NULL),
(1915, 10000005, 135, 1, 2, '2025-03-10 03:03:52', 38, NULL),
(1916, 10000005, 133, 1, 2, '2025-03-10 03:03:53', 38, NULL),
(1917, 10000006, 134, 1, 2, '2025-03-10 03:03:54', 38, NULL),
(1918, 10000006, 134, 1, 2, '2025-03-10 03:03:55', 38, NULL),
(1919, 10000006, 134, 1, 2, '2025-03-10 03:03:55', 38, NULL),
(1920, 10000006, 134, 1, 2, '2025-03-10 03:03:55', 38, NULL),
(1921, 10000006, 134, 1, 2, '2025-03-10 03:03:55', 38, NULL),
(1922, 10000004, 134, 1, 2, '2025-03-10 03:04:00', 38, NULL),
(1923, 10000004, 134, 1, 2, '2025-03-10 03:04:00', 38, NULL),
(1924, 10000004, 134, 1, 2, '2025-03-10 03:04:00', 38, NULL),
(1925, 10000004, 134, 1, 2, '2025-03-10 03:04:01', 38, NULL),
(1926, 10000004, 134, 1, 2, '2025-03-10 03:04:01', 38, NULL),
(1927, 10000005, 133, 1, 2, '2025-03-10 03:04:03', 38, NULL),
(1928, 10000005, 133, 1, 2, '2025-03-10 03:04:03', 38, NULL),
(1929, 10000005, 135, 1, 2, '2025-03-10 03:04:03', 38, NULL),
(1930, 10000005, 133, 1, 2, '2025-03-10 03:04:03', 38, NULL),
(1931, 10000005, 135, 1, 2, '2025-03-10 03:04:03', 38, NULL),
(1932, 10000005, 133, 1, 2, '2025-03-10 03:04:03', 38, NULL),
(1933, 10000005, 135, 1, 2, '2025-03-10 03:04:03', 38, NULL),
(1934, 10000005, 133, 1, 2, '2025-03-10 03:04:04', 38, NULL),
(1935, 10000005, 135, 1, 2, '2025-03-10 03:04:04', 38, NULL),
(1936, 10000005, 133, 1, 2, '2025-03-10 03:04:04', 38, NULL),
(1937, 10000005, 135, 1, 2, '2025-03-10 03:04:04', 38, NULL),
(1938, 10000005, 133, 1, 2, '2025-03-10 03:04:04', 38, NULL),
(1939, 10000005, 135, 1, 2, '2025-03-10 03:04:04', 38, NULL),
(1940, 10000005, 133, 1, 2, '2025-03-10 03:04:04', 38, NULL),
(1941, 10000005, 135, 1, 2, '2025-03-10 03:04:04', 38, NULL),
(1942, 10000005, 133, 1, 2, '2025-03-10 03:04:04', 38, NULL),
(1943, 10000005, 135, 1, 2, '2025-03-10 03:04:04', 38, NULL),
(1944, 10000005, 133, 1, 2, '2025-03-10 03:04:05', 38, NULL),
(1945, 10000005, 135, 1, 2, '2025-03-10 03:04:05', 38, NULL),
(1946, 10000005, 133, 1, 2, '2025-03-10 03:04:05', 38, NULL),
(1947, 10000005, 135, 1, 2, '2025-03-10 03:04:05', 38, NULL),
(1948, 10000005, 133, 1, 2, '2025-03-10 03:04:05', 38, NULL),
(1949, 10000005, 135, 1, 2, '2025-03-10 03:04:05', 38, NULL),
(1950, 10000005, 133, 1, 2, '2025-03-10 03:04:05', 38, NULL),
(1951, 10000005, 135, 1, 2, '2025-03-10 03:04:05', 38, NULL),
(1952, 10000005, 133, 1, 2, '2025-03-10 03:04:05', 38, NULL),
(1953, 10000005, 135, 1, 2, '2025-03-10 03:04:06', 38, NULL),
(1954, 10000005, 133, 1, 2, '2025-03-10 03:04:06', 38, NULL),
(1955, 10000005, 135, 1, 2, '2025-03-10 03:04:06', 38, NULL),
(1956, 10000005, 133, 1, 2, '2025-03-10 03:04:06', 38, NULL),
(1957, 10000005, 135, 1, 2, '2025-03-10 03:04:06', 38, NULL),
(1958, 10000005, 133, 1, 2, '2025-03-10 03:04:06', 38, NULL),
(1959, 10000005, 135, 1, 2, '2025-03-10 03:04:06', 38, NULL),
(1960, 10000005, 133, 1, 2, '2025-03-10 03:04:07', 38, NULL),
(1961, 10000005, 135, 1, 2, '2025-03-10 03:04:07', 38, NULL),
(1962, 10000005, 133, 1, 2, '2025-03-10 03:04:07', 38, NULL),
(1963, 10000005, 135, 1, 2, '2025-03-10 03:04:07', 38, NULL),
(1964, 10000005, 133, 1, 2, '2025-03-10 03:04:07', 38, NULL),
(1965, 10000005, 135, 1, 2, '2025-03-10 03:04:07', 38, NULL),
(1966, 10000005, 133, 1, 2, '2025-03-10 03:04:07', 38, NULL),
(1967, 10000005, 135, 1, 2, '2025-03-10 03:04:07', 38, NULL),
(1968, 10000005, 133, 1, 2, '2025-03-10 03:04:07', 38, NULL),
(1969, 10000005, 135, 1, 2, '2025-03-10 03:04:08', 38, NULL),
(1970, 10000005, 133, 1, 2, '2025-03-10 03:04:08', 38, NULL),
(1971, 10000005, 135, 1, 2, '2025-03-10 03:04:08', 38, NULL),
(1972, 10000005, 133, 1, 2, '2025-03-10 03:04:08', 38, NULL),
(1973, 10000005, 135, 1, 2, '2025-03-10 03:04:08', 38, NULL),
(1974, 10000005, 133, 1, 2, '2025-03-10 03:04:08', 38, NULL),
(1975, 10000005, 135, 1, 2, '2025-03-10 03:04:08', 38, NULL),
(1976, 10000005, 133, 1, 2, '2025-03-10 03:04:09', 38, NULL),
(1977, 10000005, 135, 1, 2, '2025-03-10 03:04:09', 38, NULL),
(1978, 10000005, 133, 1, 2, '2025-03-10 03:04:09', 38, NULL),
(1979, 10000005, 133, 2, 40, '2025-03-10 03:04:09', 38, NULL),
(1980, 10000006, 133, 3, 0, '2025-03-10 03:04:09', 38, NULL),
(1981, 10000005, 135, 1, 2, '2025-03-10 03:04:11', 38, NULL),
(1982, 10000005, 135, 1, 2, '2025-03-10 03:04:12', 38, NULL),
(1983, 10000005, 135, 1, 2, '2025-03-10 03:04:12', 38, NULL),
(1984, 10000005, 135, 2, 40, '2025-03-10 03:04:12', 38, NULL),
(1985, 10000004, 135, 3, 0, '2025-03-10 03:04:12', 38, NULL),
(1986, 10000004, 136, 1, 2, '2025-03-10 03:18:19', 39, NULL),
(1987, 10000004, 136, 1, 2, '2025-03-10 03:18:19', 39, NULL),
(1988, 10000004, 136, 1, 2, '2025-03-10 03:18:20', 39, NULL),
(1989, 10000004, 136, 1, 2, '2025-03-10 03:18:20', 39, NULL),
(1990, 10000004, 136, 1, 2, '2025-03-10 03:18:20', 39, NULL),
(1991, 10000004, 136, 1, 2, '2025-03-10 03:18:20', 39, NULL),
(1992, 10000004, 136, 1, 2, '2025-03-10 03:18:20', 39, NULL),
(1993, 10000004, 136, 1, 2, '2025-03-10 03:18:20', 39, NULL),
(1994, 10000004, 136, 1, 2, '2025-03-10 03:18:21', 39, NULL),
(1995, 10000004, 136, 1, 2, '2025-03-10 03:18:21', 39, NULL),
(1996, 10000004, 136, 1, 2, '2025-03-10 03:18:21', 39, NULL),
(1997, 10000004, 136, 1, 2, '2025-03-10 03:18:21', 39, NULL),
(1998, 10000004, 136, 1, 2, '2025-03-10 03:18:21', 39, NULL),
(1999, 10000004, 136, 1, 2, '2025-03-10 03:18:21', 39, NULL),
(2000, 10000004, 136, 1, 2, '2025-03-10 03:18:22', 39, NULL),
(2001, 10000004, 136, 1, 2, '2025-03-10 03:18:22', 39, NULL),
(2002, 10000004, 136, 1, 2, '2025-03-10 03:18:22', 39, NULL),
(2003, 10000004, 136, 1, 2, '2025-03-10 03:18:22', 39, NULL),
(2004, 10000004, 136, 1, 2, '2025-03-10 03:18:22', 39, NULL),
(2005, 10000004, 136, 1, 2, '2025-03-10 03:18:22', 39, NULL),
(2006, 10000004, 136, 1, 2, '2025-03-10 03:18:23', 39, NULL),
(2007, 10000004, 136, 1, 2, '2025-03-10 03:18:23', 39, NULL),
(2008, 10000004, 136, 1, 2, '2025-03-10 03:18:24', 39, NULL),
(2009, 10000004, 136, 1, 2, '2025-03-10 03:18:24', 39, NULL),
(2010, 10000004, 136, 1, 2, '2025-03-10 03:18:24', 39, NULL),
(2011, 10000006, 137, 1, 2, '2025-03-10 03:18:27', 39, NULL),
(2012, 10000006, 137, 1, 2, '2025-03-10 03:18:27', 39, NULL),
(2013, 10000006, 137, 1, 2, '2025-03-10 03:18:27', 39, NULL),
(2014, 10000006, 137, 1, 2, '2025-03-10 03:18:28', 39, NULL),
(2015, 10000006, 137, 1, 2, '2025-03-10 03:18:28', 39, NULL),
(2016, 10000006, 137, 1, 2, '2025-03-10 03:18:29', 39, NULL),
(2017, 10000006, 137, 1, 2, '2025-03-10 03:18:29', 39, NULL),
(2018, 10000006, 137, 1, 2, '2025-03-10 03:18:29', 39, NULL),
(2019, 10000006, 137, 1, 2, '2025-03-10 03:18:29', 39, NULL),
(2020, 10000006, 137, 1, 2, '2025-03-10 03:18:29', 39, NULL),
(2021, 10000006, 137, 1, 2, '2025-03-10 03:18:29', 39, NULL),
(2022, 10000006, 137, 1, 2, '2025-03-10 03:18:29', 39, NULL),
(2023, 10000006, 137, 1, 2, '2025-03-10 03:18:29', 39, NULL),
(2024, 10000006, 137, 1, 2, '2025-03-10 03:18:29', 39, NULL),
(2025, 10000006, 137, 1, 2, '2025-03-10 03:18:30', 39, NULL),
(2026, 10000006, 137, 1, 2, '2025-03-10 03:18:30', 39, NULL),
(2027, 10000006, 137, 1, 2, '2025-03-10 03:18:30', 39, NULL),
(2028, 10000006, 137, 1, 2, '2025-03-10 03:18:30', 39, NULL),
(2029, 10000006, 137, 1, 2, '2025-03-10 03:18:30', 39, NULL),
(2030, 10000006, 137, 1, 2, '2025-03-10 03:18:30', 39, NULL),
(2031, 10000006, 137, 1, 2, '2025-03-10 03:18:30', 39, NULL),
(2032, 10000006, 137, 1, 2, '2025-03-10 03:18:31', 39, NULL),
(2033, 10000006, 137, 1, 2, '2025-03-10 03:18:31', 39, NULL),
(2034, 10000006, 137, 1, 2, '2025-03-10 03:18:31', 39, NULL),
(2035, 10000006, 137, 1, 2, '2025-03-10 03:18:31', 39, NULL),
(2036, 10000006, 137, 1, 2, '2025-03-10 03:18:31', 39, NULL),
(2037, 10000006, 137, 1, 2, '2025-03-10 03:18:31', 39, NULL),
(2038, 10000006, 137, 1, 2, '2025-03-10 03:18:31', 39, NULL),
(2039, 10000006, 137, 1, 2, '2025-03-10 03:18:32', 39, NULL),
(2040, 10000006, 137, 1, 2, '2025-03-10 03:18:32', 39, NULL),
(2041, 10000006, 137, 1, 2, '2025-03-10 03:18:32', 39, NULL),
(2042, 10000006, 137, 1, 2, '2025-03-10 03:18:32', 39, NULL),
(2043, 10000006, 137, 1, 2, '2025-03-10 03:18:32', 39, NULL),
(2044, 10000006, 137, 1, 2, '2025-03-10 03:18:32', 39, NULL),
(2045, 10000006, 137, 1, 2, '2025-03-10 03:18:32', 39, NULL),
(2046, 10000006, 137, 1, 2, '2025-03-10 03:18:33', 39, NULL),
(2047, 10000006, 137, 1, 2, '2025-03-10 03:18:33', 39, NULL),
(2048, 10000006, 137, 1, 2, '2025-03-10 03:18:33', 39, NULL),
(2049, 10000006, 137, 1, 2, '2025-03-10 03:18:33', 39, NULL),
(2050, 10000006, 137, 1, 2, '2025-03-10 03:18:33', 39, NULL),
(2051, 10000006, 137, 1, 2, '2025-03-10 03:18:33', 39, NULL),
(2052, 10000006, 137, 1, 2, '2025-03-10 03:18:34', 39, NULL),
(2053, 10000006, 137, 1, 2, '2025-03-10 03:18:34', 39, NULL),
(2054, 10000006, 137, 1, 2, '2025-03-10 03:18:34', 39, NULL),
(2055, 10000006, 137, 1, 2, '2025-03-10 03:18:34', 39, NULL),
(2056, 10000006, 137, 1, 2, '2025-03-10 03:18:34', 39, NULL),
(2057, 10000006, 137, 1, 2, '2025-03-10 03:18:34', 39, NULL),
(2058, 10000006, 137, 1, 2, '2025-03-10 03:18:34', 39, NULL),
(2059, 10000006, 137, 1, 2, '2025-03-10 03:18:34', 39, NULL),
(2060, 10000006, 137, 1, 2, '2025-03-10 03:18:35', 39, NULL),
(2061, 10000006, 137, 2, 40, '2025-03-10 03:18:35', 39, NULL),
(2062, 10000004, 137, 3, 0, '2025-03-10 03:18:35', 39, NULL),
(2063, 10000006, 138, 1, 2, '2025-03-10 03:22:57', 40, NULL),
(2064, 10000006, 138, 1, 2, '2025-03-10 03:22:57', 40, NULL),
(2065, 10000006, 138, 1, 2, '2025-03-10 03:22:57', 40, NULL),
(2066, 10000006, 138, 1, 2, '2025-03-10 03:22:58', 40, NULL),
(2067, 10000006, 138, 1, 2, '2025-03-10 03:22:58', 40, NULL),
(2068, 10000006, 138, 1, 2, '2025-03-10 03:22:58', 40, NULL),
(2069, 10000006, 138, 1, 2, '2025-03-10 03:22:58', 40, NULL),
(2070, 10000006, 138, 1, 2, '2025-03-10 03:22:58', 40, NULL),
(2071, 10000006, 138, 1, 2, '2025-03-10 03:22:58', 40, NULL),
(2072, 10000006, 138, 1, 2, '2025-03-10 03:22:58', 40, NULL),
(2073, 10000006, 138, 1, 2, '2025-03-10 03:22:58', 40, NULL),
(2074, 10000006, 138, 1, 2, '2025-03-10 03:22:59', 40, NULL),
(2075, 10000006, 138, 1, 2, '2025-03-10 03:22:59', 40, NULL),
(2076, 10000006, 138, 1, 2, '2025-03-10 03:22:59', 40, NULL),
(2077, 10000006, 138, 1, 2, '2025-03-10 03:22:59', 40, NULL),
(2078, 10000006, 138, 1, 2, '2025-03-10 03:22:59', 40, NULL),
(2079, 10000006, 138, 1, 2, '2025-03-10 03:22:59', 40, NULL),
(2080, 10000006, 138, 1, 2, '2025-03-10 03:22:59', 40, NULL),
(2081, 10000006, 138, 1, 2, '2025-03-10 03:23:00', 40, NULL),
(2082, 10000006, 138, 1, 2, '2025-03-10 03:23:00', 40, NULL),
(2083, 10000006, 138, 1, 2, '2025-03-10 03:23:00', 40, NULL),
(2084, 10000006, 138, 1, 2, '2025-03-10 03:23:00', 40, NULL),
(2085, 10000006, 138, 1, 2, '2025-03-10 03:23:00', 40, NULL),
(2086, 10000006, 138, 1, 2, '2025-03-10 03:23:00', 40, NULL),
(2087, 10000006, 138, 1, 2, '2025-03-10 03:23:00', 40, NULL),
(2088, 10000006, 138, 1, 2, '2025-03-10 03:23:00', 40, NULL),
(2089, 10000006, 138, 1, 2, '2025-03-10 03:23:00', 40, NULL),
(2090, 10000006, 138, 1, 2, '2025-03-10 03:23:01', 40, NULL),
(2091, 10000006, 138, 1, 2, '2025-03-10 03:23:01', 40, NULL),
(2092, 10000006, 138, 1, 2, '2025-03-10 03:23:01', 40, NULL),
(2093, 10000006, 138, 1, 2, '2025-03-10 03:23:01', 40, NULL),
(2094, 10000006, 138, 1, 2, '2025-03-10 03:23:01', 40, NULL),
(2095, 10000006, 138, 1, 2, '2025-03-10 03:23:01', 40, NULL),
(2096, 10000006, 138, 1, 2, '2025-03-10 03:23:02', 40, NULL),
(2097, 10000006, 138, 1, 2, '2025-03-10 03:23:02', 40, NULL),
(2098, 10000006, 138, 1, 2, '2025-03-10 03:23:02', 40, NULL),
(2099, 10000006, 138, 1, 2, '2025-03-10 03:23:02', 40, NULL),
(2100, 10000006, 138, 1, 2, '2025-03-10 03:23:02', 40, NULL),
(2101, 10000006, 138, 1, 2, '2025-03-10 03:23:02', 40, NULL),
(2102, 10000006, 138, 1, 2, '2025-03-10 03:23:03', 40, NULL),
(2103, 10000006, 138, 1, 2, '2025-03-10 03:23:03', 40, NULL),
(2104, 10000006, 138, 1, 2, '2025-03-10 03:23:03', 40, NULL),
(2105, 10000006, 138, 1, 2, '2025-03-10 03:23:03', 40, NULL),
(2106, 10000006, 138, 1, 2, '2025-03-10 03:23:03', 40, NULL),
(2107, 10000006, 138, 1, 2, '2025-03-10 03:23:03', 40, NULL),
(2108, 10000006, 138, 1, 2, '2025-03-10 03:23:04', 40, NULL),
(2109, 10000006, 138, 1, 2, '2025-03-10 03:23:04', 40, NULL),
(2110, 10000006, 138, 1, 2, '2025-03-10 03:23:04', 40, NULL),
(2111, 10000006, 138, 1, 2, '2025-03-10 03:23:04', 40, NULL),
(2112, 10000006, 138, 1, 2, '2025-03-10 03:23:04', 40, NULL),
(2113, 10000006, 138, 2, 40, '2025-03-10 03:23:04', 40, NULL),
(2114, 10000004, 138, 3, 0, '2025-03-10 03:23:04', 40, NULL),
(2115, 10000004, 145, 1, 2, '2025-03-10 03:38:05', 42, NULL),
(2116, 10000004, 145, 1, 2, '2025-03-10 03:38:05', 42, NULL),
(2117, 10000004, 145, 1, 2, '2025-03-10 03:38:05', 42, NULL),
(2118, 10000004, 145, 1, 2, '2025-03-10 03:38:05', 42, NULL),
(2119, 10000004, 145, 1, 2, '2025-03-10 03:38:05', 42, NULL),
(2120, 10000004, 145, 1, 2, '2025-03-10 03:38:05', 42, NULL),
(2121, 10000004, 145, 1, 2, '2025-03-10 03:38:06', 42, NULL),
(2122, 10000004, 145, 1, 2, '2025-03-10 03:38:06', 42, NULL),
(2123, 10000004, 145, 1, 2, '2025-03-10 03:38:06', 42, NULL),
(2124, 10000004, 145, 1, 2, '2025-03-10 03:38:06', 42, NULL),
(2125, 10000004, 145, 1, 2, '2025-03-10 03:38:06', 42, NULL),
(2126, 10000004, 145, 1, 2, '2025-03-10 03:38:06', 42, NULL),
(2127, 10000004, 145, 1, 2, '2025-03-10 03:38:06', 42, NULL),
(2128, 10000004, 145, 1, 2, '2025-03-10 03:38:06', 42, NULL),
(2129, 10000004, 145, 1, 2, '2025-03-10 03:38:07', 42, NULL),
(2130, 10000004, 145, 1, 2, '2025-03-10 03:38:07', 42, NULL),
(2131, 10000004, 145, 1, 2, '2025-03-10 03:38:07', 42, NULL),
(2132, 10000004, 145, 1, 2, '2025-03-10 03:38:07', 42, NULL),
(2133, 10000004, 145, 1, 2, '2025-03-10 03:38:07', 42, NULL),
(2134, 10000004, 145, 1, 2, '2025-03-10 03:38:07', 42, NULL),
(2135, 10000004, 145, 1, 2, '2025-03-10 03:38:07', 42, NULL),
(2136, 10000004, 145, 1, 2, '2025-03-10 03:38:07', 42, NULL),
(2137, 10000004, 145, 1, 2, '2025-03-10 03:38:08', 42, NULL),
(2138, 10000004, 145, 1, 2, '2025-03-10 03:38:08', 42, NULL),
(2139, 10000004, 145, 1, 2, '2025-03-10 03:38:08', 42, NULL),
(2140, 10000004, 145, 1, 2, '2025-03-10 03:38:08', 42, NULL),
(2141, 10000004, 145, 1, 2, '2025-03-10 03:38:08', 42, NULL),
(2142, 10000004, 145, 1, 2, '2025-03-10 03:38:09', 42, NULL),
(2143, 10000004, 145, 1, 2, '2025-03-10 03:38:09', 42, NULL),
(2144, 10000004, 145, 1, 2, '2025-03-10 03:38:09', 42, NULL),
(2145, 10000004, 145, 1, 2, '2025-03-10 03:38:09', 42, NULL),
(2146, 10000004, 145, 1, 2, '2025-03-10 03:38:09', 42, NULL),
(2147, 10000004, 145, 1, 2, '2025-03-10 03:38:09', 42, NULL),
(2148, 10000004, 145, 1, 2, '2025-03-10 03:38:09', 42, NULL),
(2149, 10000004, 145, 1, 2, '2025-03-10 03:38:10', 42, NULL),
(2150, 10000004, 145, 1, 2, '2025-03-10 03:38:10', 42, NULL),
(2151, 10000004, 145, 1, 2, '2025-03-10 03:38:10', 42, NULL),
(2152, 10000004, 145, 1, 2, '2025-03-10 03:38:10', 42, NULL),
(2153, 10000004, 145, 1, 2, '2025-03-10 03:38:10', 42, NULL),
(2154, 10000004, 145, 1, 2, '2025-03-10 03:38:10', 42, NULL),
(2155, 10000004, 145, 1, 2, '2025-03-10 03:38:10', 42, NULL),
(2156, 10000004, 145, 1, 2, '2025-03-10 03:38:11', 42, NULL),
(2157, 10000004, 145, 1, 2, '2025-03-10 03:38:11', 42, NULL),
(2158, 10000004, 145, 1, 2, '2025-03-10 03:38:11', 42, NULL),
(2159, 10000004, 145, 1, 2, '2025-03-10 03:38:11', 42, NULL),
(2160, 10000004, 145, 1, 2, '2025-03-10 03:38:11', 42, NULL),
(2161, 10000004, 145, 1, 2, '2025-03-10 03:38:11', 42, NULL),
(2162, 10000004, 145, 1, 2, '2025-03-10 03:38:11', 42, NULL),
(2163, 10000004, 145, 1, 2, '2025-03-10 03:38:12', 42, NULL),
(2164, 10000004, 145, 1, 2, '2025-03-10 03:38:12', 42, NULL),
(2165, 10000004, 145, 2, 40, '2025-03-10 03:38:12', 42, NULL),
(2166, 10000006, 145, 3, 0, '2025-03-10 03:38:12', 42, NULL),
(2167, 10000004, 149, 1, 2, '2025-03-10 03:38:48', 43, NULL),
(2168, 10000004, 149, 1, 2, '2025-03-10 03:38:48', 43, NULL),
(2169, 10000004, 149, 1, 2, '2025-03-10 03:38:48', 43, NULL),
(2170, 10000004, 149, 1, 2, '2025-03-10 03:38:49', 43, NULL),
(2171, 10000004, 149, 1, 2, '2025-03-10 03:38:49', 43, NULL),
(2172, 10000004, 149, 1, 2, '2025-03-10 03:38:49', 43, NULL),
(2173, 10000004, 149, 1, 2, '2025-03-10 03:38:49', 43, NULL),
(2174, 10000004, 149, 1, 2, '2025-03-10 03:38:49', 43, NULL),
(2175, 10000004, 149, 1, 2, '2025-03-10 03:38:49', 43, NULL),
(2176, 10000004, 149, 1, 2, '2025-03-10 03:38:50', 43, NULL),
(2177, 10000004, 149, 1, 2, '2025-03-10 03:38:50', 43, NULL),
(2178, 10000004, 149, 1, 2, '2025-03-10 03:38:50', 43, NULL),
(2179, 10000004, 149, 1, 2, '2025-03-10 03:38:50', 43, NULL),
(2180, 10000004, 149, 1, 2, '2025-03-10 03:38:50', 43, NULL),
(2181, 10000004, 149, 1, 2, '2025-03-10 03:38:50', 43, NULL),
(2182, 10000004, 149, 1, 2, '2025-03-10 03:38:50', 43, NULL),
(2183, 10000004, 149, 1, 2, '2025-03-10 03:38:51', 43, NULL),
(2184, 10000004, 149, 1, 2, '2025-03-10 03:38:51', 43, NULL),
(2185, 10000004, 149, 1, 2, '2025-03-10 03:38:51', 43, NULL),
(2186, 10000004, 149, 1, 2, '2025-03-10 03:38:51', 43, NULL),
(2187, 10000004, 149, 1, 2, '2025-03-10 03:38:52', 43, NULL),
(2188, 10000004, 149, 1, 2, '2025-03-10 03:38:52', 43, NULL),
(2189, 10000004, 149, 1, 2, '2025-03-10 03:38:52', 43, NULL),
(2190, 10000004, 149, 1, 2, '2025-03-10 03:38:52', 43, NULL),
(2191, 10000004, 149, 1, 2, '2025-03-10 03:38:52', 43, NULL),
(2192, 10000004, 149, 1, 2, '2025-03-10 03:38:52', 43, NULL),
(2193, 10000004, 149, 1, 2, '2025-03-10 03:38:52', 43, NULL),
(2194, 10000004, 149, 1, 2, '2025-03-10 03:38:53', 43, NULL),
(2195, 10000004, 149, 1, 2, '2025-03-10 03:38:53', 43, NULL),
(2196, 10000004, 149, 1, 2, '2025-03-10 03:38:53', 43, NULL),
(2197, 10000004, 149, 1, 2, '2025-03-10 03:38:53', 43, NULL),
(2198, 10000004, 149, 1, 2, '2025-03-10 03:38:53', 43, NULL),
(2199, 10000004, 149, 1, 2, '2025-03-10 03:38:53', 43, NULL),
(2200, 10000004, 149, 1, 2, '2025-03-10 03:38:53', 43, NULL),
(2201, 10000004, 149, 1, 2, '2025-03-10 03:38:54', 43, NULL),
(2202, 10000004, 149, 1, 2, '2025-03-10 03:38:54', 43, NULL),
(2203, 10000004, 149, 1, 2, '2025-03-10 03:38:54', 43, NULL),
(2204, 10000004, 149, 1, 2, '2025-03-10 03:38:54', 43, NULL),
(2205, 10000004, 149, 1, 2, '2025-03-10 03:38:54', 43, NULL),
(2206, 10000004, 149, 1, 2, '2025-03-10 03:38:54', 43, NULL),
(2207, 10000004, 149, 1, 2, '2025-03-10 03:38:54', 43, NULL),
(2208, 10000004, 149, 1, 2, '2025-03-10 03:38:55', 43, NULL),
(2209, 10000004, 149, 1, 2, '2025-03-10 03:38:55', 43, NULL),
(2210, 10000004, 149, 1, 2, '2025-03-10 03:38:55', 43, NULL),
(2211, 10000004, 149, 1, 2, '2025-03-10 03:38:55', 43, NULL),
(2212, 10000004, 149, 1, 2, '2025-03-10 03:38:55', 43, NULL),
(2213, 10000004, 149, 1, 2, '2025-03-10 03:38:55', 43, NULL),
(2214, 10000004, 149, 1, 2, '2025-03-10 03:38:56', 43, NULL),
(2215, 10000004, 149, 1, 2, '2025-03-10 03:38:56', 43, NULL),
(2216, 10000004, 149, 1, 2, '2025-03-10 03:38:56', 43, NULL),
(2217, 10000004, 149, 2, 40, '2025-03-10 03:38:56', 43, NULL),
(2218, 10000006, 149, 3, 0, '2025-03-10 03:38:56', 43, NULL),
(2219, 10000009, 151, 1, 1, '2025-03-18 19:13:56', 44, NULL),
(2220, 10000009, 153, 1, 2, '2025-03-18 19:14:00', 44, NULL),
(2221, 10000009, 151, 1, 2, '2025-03-18 19:14:01', 44, NULL),
(2222, 10000009, 153, 1, 2, '2025-03-18 19:14:02', 44, NULL),
(2223, 10000009, 151, 1, 2, '2025-03-18 19:14:03', 44, NULL),
(2224, 10000009, 153, 1, 2, '2025-03-18 19:14:03', 44, NULL),
(2225, 10000009, 151, 1, 2, '2025-03-18 19:14:03', 44, NULL),
(2226, 10000009, 153, 1, 2, '2025-03-18 19:14:03', 44, NULL),
(2227, 10000009, 151, 1, 2, '2025-03-18 19:14:04', 44, NULL),
(2228, 10000009, 153, 1, 2, '2025-03-18 19:14:04', 44, NULL),
(2229, 10000009, 151, 1, 2, '2025-03-18 19:14:04', 44, NULL),
(2230, 10000009, 153, 1, 2, '2025-03-18 19:14:04', 44, NULL),
(2231, 10000009, 151, 1, 2, '2025-03-18 19:14:04', 44, NULL),
(2232, 10000009, 153, 1, 2, '2025-03-18 19:14:04', 44, NULL),
(2233, 10000009, 151, 1, 2, '2025-03-18 19:14:04', 44, NULL),
(2234, 10000008, 153, 1, 1, '2025-03-18 19:16:05', 44, NULL),
(2235, 10000009, 151, 1, 2, '2025-03-18 19:16:19', 44, NULL),
(2236, 10000009, 151, 1, 2, '2025-03-18 19:16:22', 44, NULL),
(2237, 10000006, 151, 1, 2, '2025-03-18 19:16:32', 44, NULL),
(2238, 10000006, 151, 1, 2, '2025-03-18 19:16:42', 44, NULL),
(2239, 10000006, 151, 1, 2, '2025-03-18 19:16:43', 44, NULL),
(2240, 10000006, 151, 1, 2, '2025-03-18 19:16:43', 44, NULL),
(2241, 10000006, 151, 1, 2, '2025-03-18 19:16:44', 44, NULL),
(2242, 10000006, 151, 1, 2, '2025-03-18 19:16:52', 44, NULL),
(2243, 10000006, 151, 1, 2, '2025-03-18 19:16:52', 44, NULL),
(2244, 10000006, 151, 1, 2, '2025-03-18 19:16:52', 44, NULL),
(2245, 10000006, 151, 1, 2, '2025-03-18 19:17:06', 44, NULL),
(2246, 10000006, 151, 1, 1, '2025-03-18 19:17:13', 44, NULL),
(2247, 10000009, 151, 1, 2, '2025-03-18 19:17:16', 44, NULL),
(2248, 10000009, 151, 1, 2, '2025-03-18 19:17:19', 44, NULL),
(2249, 10000009, 151, 1, 1, '2025-03-18 19:17:20', 44, NULL),
(2250, 10000009, 153, 1, 1, '2025-03-18 19:17:21', 44, NULL),
(2251, 10000009, 151, 1, 2, '2025-03-18 19:18:22', 44, NULL),
(2252, 10000009, 151, 1, 2, '2025-03-18 19:18:25', 44, NULL),
(2253, 10000009, 153, 1, 2, '2025-03-18 19:18:26', 44, NULL),
(2254, 10000009, 151, 1, 2, '2025-03-18 19:18:29', 44, NULL),
(2255, 10000009, 153, 1, 2, '2025-03-18 19:18:37', 44, NULL),
(2256, 10000009, 153, 1, 2, '2025-03-18 19:18:38', 44, NULL),
(2257, 10000009, 151, 1, 2, '2025-03-18 19:18:39', 44, NULL),
(2258, 10000009, 151, 1, 1, '2025-03-18 19:18:40', 44, NULL),
(2259, 10000009, 153, 1, 2, '2025-03-18 19:18:43', 44, NULL),
(2260, 10000009, 153, 1, 2, '2025-03-18 19:18:44', 44, NULL),
(2261, 10000009, 151, 1, 2, '2025-03-18 19:18:49', 44, NULL),
(2262, 10000009, 151, 1, 2, '2025-03-18 19:18:50', 44, NULL),
(2263, 10000009, 151, 1, 2, '2025-03-18 19:18:51', 44, NULL),
(2264, 10000009, 151, 1, 2, '2025-03-18 19:18:56', 44, NULL),
(2265, 10000009, 151, 1, 2, '2025-03-18 19:18:58', 44, NULL),
(2266, 10000009, 153, 1, 1, '2025-03-18 19:18:59', 44, NULL),
(2267, 10000009, 151, 1, 2, '2025-03-18 19:19:02', 44, NULL),
(2268, 10000009, 151, 1, 2, '2025-03-18 19:19:05', 44, NULL),
(2269, 10000009, 153, 1, 1, '2025-03-18 19:19:08', 44, NULL),
(2270, 10000009, 153, 1, 1, '2025-03-18 19:19:08', 44, NULL),
(2271, 10000009, 151, 1, 2, '2025-03-18 19:19:11', 44, NULL),
(2272, 10000009, 151, 1, 2, '2025-03-18 19:19:11', 44, NULL),
(2273, 10000009, 153, 1, 2, '2025-03-18 19:19:15', 44, NULL),
(2274, 10000009, 151, 1, 2, '2025-03-18 19:19:19', 44, NULL),
(2275, 10000006, 151, 1, 2, '2025-03-18 19:22:24', 44, NULL),
(2276, 10000006, 151, 1, 2, '2025-03-18 19:22:26', 44, NULL),
(2277, 10000006, 151, 1, 2, '2025-03-18 19:22:27', 44, NULL),
(2278, 10000006, 151, 1, 2, '2025-03-18 19:22:28', 44, NULL),
(2279, 10000006, 152, 1, 2, '2025-03-18 19:22:30', 44, NULL),
(2280, 10000006, 152, 1, 2, '2025-03-18 19:22:30', 44, NULL),
(2281, 10000006, 152, 1, 2, '2025-03-18 19:22:31', 44, NULL),
(2282, 10000006, 152, 1, 2, '2025-03-18 19:28:28', 44, NULL),
(2283, 10000006, 151, 1, 1, '2025-03-18 19:28:32', 44, NULL),
(2284, 10000006, 151, 1, 1, '2025-03-18 19:28:32', 44, NULL),
(2285, 10000006, 151, 1, 1, '2025-03-18 19:28:33', 44, NULL),
(2286, 10000006, 152, 1, 2, '2025-03-18 19:28:41', 44, NULL),
(2287, 10000006, 151, 1, 1, '2025-03-18 19:28:46', 44, NULL),
(2288, 10000009, 151, 1, 2, '2025-03-18 19:41:00', 44, NULL),
(2289, 10000009, 151, 1, 2, '2025-03-18 19:41:01', 44, NULL),
(2290, 10000009, 151, 1, 2, '2025-03-18 19:41:02', 44, NULL),
(2291, 10000009, 151, 1, 2, '2025-03-18 19:41:04', 44, NULL),
(2292, 10000009, 151, 1, 2, '2025-03-18 19:41:04', 44, NULL),
(2293, 10000009, 151, 1, 2, '2025-03-18 19:41:05', 44, NULL),
(2294, 10000009, 153, 1, 2, '2025-03-18 19:41:08', 44, NULL),
(2295, 10000009, 153, 1, 2, '2025-03-18 19:41:11', 44, NULL),
(2296, 10000008, 153, 1, 2, '2025-03-18 19:53:01', 44, 3),
(2297, 10000008, 153, 1, 2, '2025-03-18 19:53:03', 44, 3),
(2298, 10000008, 153, 1, 2, '2025-03-18 19:53:09', 44, 3),
(2299, 10000008, 152, 1, 2, '2025-03-18 19:53:10', 44, 3),
(2300, 10000008, 152, 1, 2, '2025-03-18 19:53:11', 44, 3),
(2301, 10000008, 153, 1, 2, '2025-03-18 19:53:11', 44, 3),
(2302, 10000008, 153, 1, 2, '2025-03-18 20:02:23', 44, 3),
(2303, 10000008, 153, 1, 1, '2025-03-18 20:02:33', 44, 1),
(2304, 10000008, 153, 1, 1, '2025-03-18 20:02:39', 44, 1),
(2305, 10000008, 153, 1, 2, '2025-03-18 20:02:48', 44, 3),
(2306, 10000008, 152, 1, 2, '2025-03-18 20:03:09', 44, 3),
(2307, 10000008, 152, 1, 2, '2025-03-18 20:03:14', 44, 3),
(2308, 10000008, 152, 1, 1, '2025-03-18 20:03:22', 44, 1),
(2309, 10000008, 152, 1, 1, '2025-03-18 20:03:24', 44, 1),
(2310, 10000008, 152, 1, 1, '2025-03-18 20:03:26', 44, 1),
(2311, 10000008, 153, 1, 2, '2025-03-18 20:03:42', 44, 3),
(2312, 10000008, 153, 1, 2, '2025-03-18 20:03:50', 44, 3),
(2313, 10000008, 152, 1, 2, '2025-03-18 20:04:39', 44, 3),
(2314, 10000008, 152, 1, 1, '2025-03-18 20:04:43', 44, 1),
(2315, 10000008, 152, 1, 1, '2025-03-18 20:04:46', 44, 1),
(2316, 10000008, 152, 1, 1, '2025-03-18 20:04:57', 44, 1),
(2317, 10000008, 152, 1, 1, '2025-03-18 20:04:59', 44, 1),
(2318, 10000008, 152, 1, 1, '2025-03-18 20:05:01', 44, 1),
(2319, 10000008, 152, 1, 1, '2025-03-18 20:05:03', 44, 1),
(2321, 10000006, 152, 1, 2, '2025-03-18 20:07:54', 44, 2),
(2322, 10000006, 152, 1, 2, '2025-03-18 20:07:59', 44, 2),
(2323, 10000006, 152, 1, 2, '2025-03-18 20:08:48', 44, 2),
(2324, 10000006, 152, 1, 2, '2025-03-18 20:08:51', 44, 2),
(2325, 10000008, 152, 1, 1, '2025-03-18 20:10:35', 44, 1),
(2326, 10000008, 152, 1, 2, '2025-03-18 20:11:26', 44, 3),
(2327, 10000008, 152, 1, 1, '2025-03-18 20:11:34', 44, 1),
(2328, 10000008, 152, 1, 1, '2025-03-18 20:11:39', 44, 1),
(2329, 10000008, 152, 1, 1, '2025-03-18 20:11:42', 44, 1),
(2330, 10000008, 152, 1, 1, '2025-03-18 20:11:50', 44, 1),
(2331, 10000008, 152, 1, 1, '2025-03-18 20:11:57', 44, 1),
(2332, 10000008, 152, 1, 1, '2025-03-18 20:12:00', 44, 1),
(2333, 10000008, 152, 1, 1, '2025-03-18 20:12:26', 44, 1),
(2334, 10000008, 153, 1, 1, '2025-03-18 20:15:19', 44, 1),
(2335, 10000008, 152, 1, 1, '2025-03-18 20:15:42', 44, 1),
(2336, 10000008, 152, 1, 1, '2025-03-18 20:15:43', 44, 1),
(2337, 10000008, 152, 1, 1, '2025-03-18 20:15:43', 44, 1),
(2338, 10000008, 152, 1, 1, '2025-03-18 20:15:43', 44, 1),
(2339, 10000008, 152, 1, 1, '2025-03-18 20:15:44', 44, 1),
(2340, 10000008, 152, 1, 1, '2025-03-18 20:15:44', 44, 1),
(2341, 10000008, 152, 1, 1, '2025-03-18 20:15:44', 44, 1),
(2342, 10000008, 152, 1, 1, '2025-03-18 20:17:24', 44, 1),
(2343, 10000008, 152, 1, 1, '2025-03-18 20:17:28', 44, 1),
(2344, 10000008, 152, 1, 1, '2025-03-18 20:17:42', 44, 1),
(2345, 10000008, 153, 1, 1, '2025-03-18 20:18:13', 44, 1),
(2346, 10000008, 153, 1, 1, '2025-03-18 20:18:13', 44, 1),
(2347, 10000008, 153, 1, 1, '2025-03-18 20:18:14', 44, 1),
(2348, 10000006, 152, 1, 1, '2025-03-18 20:18:40', 44, 1),
(2349, 10000006, 152, 1, 1, '2025-03-18 20:18:40', 44, 1),
(2350, 10000006, 152, 1, 1, '2025-03-18 20:18:41', 44, 1),
(2351, 10000008, 153, 1, 2, '2025-03-18 20:26:08', 44, 3),
(2352, 10000008, 153, 1, 2, '2025-03-18 20:27:50', 44, 3),
(2353, 10000008, 153, 1, 2, '2025-03-18 20:32:46', 44, 3),
(2354, 10000008, 153, 1, 2, '2025-03-18 20:32:48', 44, 3),
(2355, 10000008, 153, 1, 1, '2025-03-18 20:32:51', 44, 1),
(2356, 10000008, 153, 1, 1, '2025-03-18 20:32:54', 44, 1),
(2357, 10000008, 153, 1, 2, '2025-03-18 20:51:09', 44, 3),
(2358, 10000008, 153, 1, 1, '2025-03-18 20:52:31', 44, 1),
(2359, 10000006, 151, 1, 1, '2025-03-18 23:17:56', 44, 1),
(2361, 10000006, 151, 1, 1, '2025-03-18 23:18:02', 44, 1),
(2364, 10000006, 151, 1, 1, '2025-03-18 23:18:05', 44, 1),
(2365, 10000006, 151, 1, 1, '2025-03-18 23:18:06', 44, 1),
(2367, 10000006, 151, 1, 1, '2025-03-18 23:18:26', 44, 1),
(2368, 10000006, 151, 1, 1, '2025-03-18 23:18:26', 44, 1),
(2369, 10000006, 151, 1, 1, '2025-03-18 23:18:27', 44, 1),
(2372, 10000006, 151, 1, 1, '2025-03-18 23:18:31', 44, 1),
(2373, 10000006, 151, 1, 1, '2025-03-18 23:18:32', 44, 1),
(2375, 10000006, 151, 1, 1, '2025-03-18 23:18:38', 44, 1),
(2376, 10000006, 151, 1, 1, '2025-03-18 23:18:38', 44, 1),
(2377, 10000006, 151, 1, 1, '2025-03-18 23:18:38', 44, 1),
(2380, 10000006, 151, 1, 1, '2025-03-18 23:18:42', 44, 1),
(2381, 10000006, 151, 1, 1, '2025-03-18 23:18:43', 44, 1),
(2384, 10000006, 151, 1, 1, '2025-03-18 23:18:45', 44, 1),
(2386, 10000006, 151, 1, 1, '2025-03-18 23:18:48', 44, 1),
(2388, 10000006, 151, 1, 1, '2025-03-18 23:18:49', 44, 1),
(2390, 10000006, 151, 1, 1, '2025-03-18 23:18:52', 44, 1),
(2391, 10000006, 151, 1, 1, '2025-03-18 23:18:53', 44, 1),
(2392, 10000006, 151, 1, 1, '2025-03-18 23:18:54', 44, 1),
(2395, 10000006, 151, 1, 1, '2025-03-18 23:18:57', 44, 1),
(2396, 10000006, 151, 1, 1, '2025-03-18 23:18:58', 44, 1),
(2398, 10000006, 151, 1, 1, '2025-03-18 23:18:59', 44, 1),
(2399, 10000006, 151, 1, 1, '2025-03-18 23:19:00', 44, 1),
(2401, 10000006, 151, 1, 1, '2025-03-18 23:19:01', 44, 1);
INSERT INTO `partidas_eventos` (`id`, `id_jugador`, `id_jugador_sala`, `id_tipo_evento`, `puntos`, `timestamp`, `id_sala`, `arma_id`) VALUES
(2402, 10000006, 151, 1, 1, '2025-03-18 23:19:02', 44, 1),
(2403, 10000006, 151, 1, 1, '2025-03-18 23:19:03', 44, 1),
(2404, 10000006, 151, 1, 1, '2025-03-18 23:19:04', 44, 1),
(2405, 10000006, 151, 1, 1, '2025-03-18 23:19:04', 44, 1),
(2406, 10000006, 151, 1, 1, '2025-03-18 23:19:05', 44, 1),
(2407, 10000006, 151, 1, 1, '2025-03-18 23:19:06', 44, 1),
(2408, 10000006, 151, 1, 1, '2025-03-18 23:19:06', 44, 1),
(2409, 10000006, 151, 1, 1, '2025-03-18 23:19:07', 44, 1),
(2410, 10000006, 151, 1, 1, '2025-03-18 23:19:08', 44, 1),
(2411, 10000006, 151, 1, 1, '2025-03-18 23:19:08', 44, 1),
(2412, 10000006, 151, 1, 1, '2025-03-18 23:19:09', 44, 1),
(2413, 10000006, 151, 1, 1, '2025-03-18 23:19:10', 44, 1),
(2414, 10000006, 151, 1, 1, '2025-03-18 23:19:10', 44, 1),
(2416, 10000006, 152, 1, 1, '2025-03-18 23:19:12', 44, 1),
(2417, 10000006, 152, 1, 1, '2025-03-18 23:19:12', 44, 1),
(2418, 10000006, 152, 1, 1, '2025-03-18 23:19:13', 44, 1),
(2420, 10000006, 152, 1, 1, '2025-03-18 23:19:14', 44, 1),
(2422, 10000006, 152, 1, 1, '2025-03-18 23:19:16', 44, 1),
(2423, 10000006, 152, 1, 1, '2025-03-18 23:19:17', 44, 1),
(2424, 10000006, 152, 1, 1, '2025-03-18 23:19:18', 44, 1),
(2426, 10000006, 152, 1, 1, '2025-03-18 23:19:21', 44, 1),
(2427, 10000006, 152, 1, 1, '2025-03-18 23:19:22', 44, 1),
(2432, 10000006, 152, 1, 1, '2025-03-18 23:19:48', 44, 1),
(2435, 10000006, 152, 1, 1, '2025-03-18 23:19:55', 44, 1),
(2436, 10000006, 152, 1, 1, '2025-03-18 23:19:55', 44, 1),
(2439, 10000006, 152, 1, 1, '2025-03-18 23:20:10', 44, 1),
(2441, 10000006, 152, 1, 1, '2025-03-18 23:21:53', 44, 1),
(2442, 10000006, 152, 1, 1, '2025-03-18 23:21:54', 44, 1),
(2443, 10000006, 152, 4, 3, '2025-03-18 23:21:55', 44, 1),
(2444, 10000006, 152, 1, 1, '2025-03-18 23:24:04', 44, 1),
(2445, 10000006, 152, 1, 1, '2025-03-18 23:24:05', 44, 1),
(2446, 10000006, 152, 1, 1, '2025-03-18 23:24:07', 44, 1),
(2447, 10000006, 152, 4, 3, '2025-03-18 23:24:08', 44, 1),
(2448, 10000006, 151, 1, 2, '2025-03-18 23:30:35', 44, 2),
(2449, 10000006, 151, 4, 6, '2025-03-18 23:30:36', 44, 2),
(2450, 10000006, 151, 2, 40, '2025-03-18 23:30:36', 44, 2),
(2451, 10000008, 151, 3, 0, '2025-03-18 23:30:36', 44, NULL),
(2452, 10000006, 152, 1, 2, '2025-03-18 23:31:19', 44, 2),
(2453, 10000006, 152, 4, 6, '2025-03-18 23:31:19', 44, 2),
(2454, 10000006, 152, 1, 2, '2025-03-18 23:31:20', 44, 2),
(2455, 10000006, 152, 1, 2, '2025-03-18 23:31:20', 44, 2),
(2456, 10000006, 152, 1, 2, '2025-03-18 23:31:20', 44, 2),
(2457, 10000006, 152, 1, 2, '2025-03-18 23:31:21', 44, 2),
(2458, 10000006, 152, 1, 2, '2025-03-18 23:31:21', 44, 2),
(2459, 10000006, 152, 1, 2, '2025-03-18 23:31:21', 44, 2),
(2460, 10000006, 152, 4, 6, '2025-03-18 23:31:21', 44, 2),
(2461, 10000006, 152, 4, 6, '2025-03-18 23:31:22', 44, 2),
(2462, 10000006, 152, 4, 6, '2025-03-18 23:31:22', 44, 2),
(2463, 10000006, 152, 1, 2, '2025-03-18 23:31:22', 44, 2),
(2464, 10000006, 152, 2, 40, '2025-03-18 23:31:22', 44, 2),
(2465, 10000009, 152, 3, 0, '2025-03-18 23:31:22', 44, NULL);

-- --------------------------------------------------------

--
-- Estructura de tabla para la tabla `recuperacion_contrasena`
--

CREATE TABLE `recuperacion_contrasena` (
  `id` int(11) NOT NULL,
  `id_usuario` int(11) NOT NULL,
  `token_recuperacion` varchar(255) NOT NULL,
  `token_creado_en` timestamp NOT NULL DEFAULT current_timestamp(),
  `token_expiracion` timestamp NOT NULL DEFAULT (current_timestamp() + interval 30 minute),
  `esta_usado` tinyint(1) NOT NULL DEFAULT 0
) ENGINE=InnoDB DEFAULT CHARSET=utf8mb4 COLLATE=utf8mb4_general_ci;

--
-- Volcado de datos para la tabla `recuperacion_contrasena`
--

INSERT INTO `recuperacion_contrasena` (`id`, `id_usuario`, `token_recuperacion`, `token_creado_en`, `token_expiracion`, `esta_usado`) VALUES
(11, 10000009, 'a44aa9c9e7906b56c684dd2f19cc7b9c', '2025-03-18 15:57:04', '2025-03-18 22:27:04', 0);

-- --------------------------------------------------------

--
-- Estructura de tabla para la tabla `roles`
--

CREATE TABLE `roles` (
  `id_rol` int(11) NOT NULL,
  `nom_rol` varchar(255) NOT NULL
) ENGINE=InnoDB DEFAULT CHARSET=utf8mb4 COLLATE=utf8mb4_general_ci;

--
-- Volcado de datos para la tabla `roles`
--

INSERT INTO `roles` (`id_rol`, `nom_rol`) VALUES
(1, 'admin'),
(2, 'jugador');

-- --------------------------------------------------------

--
-- Estructura de tabla para la tabla `salas`
--

CREATE TABLE `salas` (
  `id_sala` int(11) NOT NULL,
  `nom_sala` varchar(255) NOT NULL,
  `jugadores_actuales` int(11) NOT NULL,
  `id_mundo` int(11) NOT NULL,
  `id_nivel` int(11) NOT NULL,
  `max_jugadores` int(11) NOT NULL,
  `id_estado_sala` int(11) NOT NULL,
  `creado_en` timestamp NOT NULL DEFAULT current_timestamp(),
  `duracion_segundos` int(11) NOT NULL,
  `id_ganador` int(11) DEFAULT NULL
) ENGINE=InnoDB DEFAULT CHARSET=utf8mb4 COLLATE=utf8mb4_general_ci;

--
-- Volcado de datos para la tabla `salas`
--

INSERT INTO `salas` (`id_sala`, `nom_sala`, `jugadores_actuales`, `id_mundo`, `id_nivel`, `max_jugadores`, `id_estado_sala`, `creado_en`, `duracion_segundos`, `id_ganador`) VALUES
(34, 'Sala Automática', 2, 1, 1, 5, 6, '2025-03-10 01:43:48', 0, 10000004),
(35, 'Sala Automática', 2, 1, 1, 5, 6, '2025-03-10 01:45:28', 0, 10000004),
(36, 'Sala Automática', 3, 1, 1, 5, 6, '2025-03-10 02:02:20', 0, 10000005),
(37, 'Sala Automática', 3, 1, 1, 5, 6, '2025-03-10 02:29:11', 0, 10000005),
(38, 'Sala Automática', 3, 1, 1, 5, 6, '2025-03-10 03:02:50', 0, 10000005),
(39, 'Sala Automática', 2, 1, 1, 5, 6, '2025-03-10 03:17:59', 265, 10000006),
(40, 'Sala Automática', 2, 1, 1, 5, 6, '2025-03-10 03:22:31', 281, 10000006),
(41, 'Sala Automática', 0, 1, 2, 5, 4, '2025-03-10 03:28:58', 300, NULL),
(42, 'Sala Automática', 2, 1, 1, 5, 6, '2025-03-10 03:33:40', 280, 10000004),
(43, 'Sala Automática', 2, 1, 1, 5, 6, '2025-03-10 03:38:29', 278, 10000004),
(44, 'Sala Automática', 3, 1, 1, 5, 6, '2025-03-18 19:13:23', 33320425, 10000006);

-- --------------------------------------------------------

--
-- Estructura de tabla para la tabla `tipos_armas`
--

CREATE TABLE `tipos_armas` (
  `id_tip_arma` int(11) NOT NULL,
  `nom_tip_arma` varchar(255) NOT NULL,
  `dano` int(11) NOT NULL
) ENGINE=InnoDB DEFAULT CHARSET=utf8mb4 COLLATE=utf8mb4_general_ci;

--
-- Volcado de datos para la tabla `tipos_armas`
--

INSERT INTO `tipos_armas` (`id_tip_arma`, `nom_tip_arma`, `dano`) VALUES
(1, 'cuerpo a cuerpo', 1),
(2, 'pistola', 2),
(3, 'subfusil', 10),
(4, 'francotirador', 20);

-- --------------------------------------------------------

--
-- Estructura de tabla para la tabla `tipos_eventos`
--

CREATE TABLE `tipos_eventos` (
  `id_tip_evento` int(11) NOT NULL,
  `nom_tip_evento` varchar(255) NOT NULL
) ENGINE=InnoDB DEFAULT CHARSET=utf8mb4 COLLATE=utf8mb4_general_ci;

--
-- Volcado de datos para la tabla `tipos_eventos`
--

INSERT INTO `tipos_eventos` (`id_tip_evento`, `nom_tip_evento`) VALUES
(1, 'disparo'),
(2, 'kill'),
(3, 'muerte'),
(4, 'disparo a la cabeza');

-- --------------------------------------------------------

--
-- Estructura de tabla para la tabla `usuarios`
--

CREATE TABLE `usuarios` (
  `doc` int(11) NOT NULL,
  `nom_usu` varchar(255) NOT NULL,
  `contra` varchar(255) NOT NULL,
  `email` varchar(255) NOT NULL,
  `id_avatar` int(11) NOT NULL,
  `id_rol` int(11) NOT NULL,
  `id_estado` int(11) NOT NULL,
  `ultima_sesion` timestamp NOT NULL DEFAULT current_timestamp(),
  `create_at` timestamp NOT NULL DEFAULT current_timestamp(),
  `update_at` timestamp NOT NULL DEFAULT current_timestamp() ON UPDATE current_timestamp()
) ENGINE=InnoDB DEFAULT CHARSET=utf8mb4 COLLATE=utf8mb4_general_ci;

--
-- Volcado de datos para la tabla `usuarios`
--

INSERT INTO `usuarios` (`doc`, `nom_usu`, `contra`, `email`, `id_avatar`, `id_rol`, `id_estado`, `ultima_sesion`, `create_at`, `update_at`) VALUES
(10000003, 'admin', '$2y$10$9UMkfUV8VDROTgfPBzjmweW5gaElQgYWHJwhIh5z29Z3oLFhvxXp2', 'stebanrc21@gmail.com', 1, 1, 1, '2025-03-18 23:49:52', '2025-02-26 20:39:20', '2025-03-18 23:49:52'),
(10000004, 'JeannCel', '$2y$12$3V6Vf38DrJJ3pr/ZBFIzkejGuMIEtl49x7CcKdX7..ZVFJvP5g91G', 'jeannfacts@gmail.com', 2, 2, 1, '2025-03-18 19:04:50', '2025-02-26 20:40:03', '2025-03-18 19:04:50'),
(10000005, 'Samsung', '$2y$12$cSQpLp1MED4/ml5w6LefXeSzJ.57h.fHjXMWWIuK3I4AsLQSx3JWK', 'samsung@gmail.com', 5, 2, 1, '2025-03-10 04:14:22', '2025-02-27 23:05:29', '2025-03-10 04:14:22'),
(10000006, 'prueba', '$2y$12$CUb4MRFsgls2JGvzS/pcROMHT5mWlYOv392z.wqL6fCV5GhhUTylm', 'prueba@gmail.com', 3, 2, 1, '2025-03-18 23:44:20', '2025-02-28 04:04:00', '2025-03-18 23:44:20'),
(10000007, 'Pureba22', '$2y$12$bj4RqfLrqg0Lm5SxaZJrVOJVI6nLem/HZHmUmv3ffVzlDOlb8uNIq', 'prueba22@gmail.com', 3, 2, 1, '2025-02-02 04:38:40', '2025-02-28 04:38:40', '2025-03-10 04:16:50'),
(10000008, 'xxjeanxx', '$2y$12$z0SXBk4dUe0NCumVZvyFdO69SuJp14gGsaaf0J0F2k7UvSs9kwPE2', 'jeans_roa@soy.sena.edu.co', 1, 2, 1, '2025-03-18 23:51:16', '2025-03-09 16:48:42', '2025-03-18 23:51:16'),
(10000009, 'cuentanotificada', '$2y$12$l.5rcT728DTt.KZTYEDDAOqoF3nmctDrGiH6w9BPQAzYgQlxeg5CK', 'lfcuenta696@gmail.com', 3, 2, 1, '2025-03-18 19:13:50', '2025-03-18 15:51:43', '2025-03-18 19:13:50');

-- --------------------------------------------------------

--
-- Estructura de tabla para la tabla `usuarios_niveles`
--

CREATE TABLE `usuarios_niveles` (
  `id` int(11) NOT NULL,
  `id_usuario` int(11) NOT NULL,
  `id_nivel` int(11) NOT NULL,
  `fecha` timestamp NOT NULL DEFAULT current_timestamp()
) ENGINE=InnoDB DEFAULT CHARSET=utf8mb4 COLLATE=utf8mb4_general_ci;

--
-- Volcado de datos para la tabla `usuarios_niveles`
--

INSERT INTO `usuarios_niveles` (`id`, `id_usuario`, `id_nivel`, `fecha`) VALUES
(1, 10000004, 2, '2025-03-10 03:39:00'),
(2, 10000005, 2, '2025-03-10 03:26:06'),
(3, 10000006, 2, '2025-03-18 23:33:40'),
(4, 10000007, 1, '2025-02-28 04:38:40'),
(5, 10000008, 1, '2025-03-09 16:48:42'),
(6, 10000009, 1, '2025-03-18 15:51:43');

--
-- Índices para tablas volcadas
--

--
-- Indices de la tabla `armas`
--
ALTER TABLE `armas`
  ADD PRIMARY KEY (`id_arma`),
  ADD KEY `id_tipo_arma` (`id_tipo_arma`);

--
-- Indices de la tabla `avatar`
--
ALTER TABLE `avatar`
  ADD PRIMARY KEY (`id_avatar`);

--
-- Indices de la tabla `estados`
--
ALTER TABLE `estados`
  ADD PRIMARY KEY (`id_estado`);

--
-- Indices de la tabla `jugadores_armas`
--
ALTER TABLE `jugadores_armas`
  ADD PRIMARY KEY (`id`),
  ADD KEY `id_jugador` (`id_jugador`),
  ADD KEY `id_arma` (`id_arma`);

--
-- Indices de la tabla `jugadores_salas`
--
ALTER TABLE `jugadores_salas`
  ADD PRIMARY KEY (`id`),
  ADD KEY `id_jugador` (`id_jugador`),
  ADD KEY `id_sala` (`id_sala`),
  ADD KEY `id_estado_sala` (`id_estado_sala`);

--
-- Indices de la tabla `mundos`
--
ALTER TABLE `mundos`
  ADD PRIMARY KEY (`id_mundo`);

--
-- Indices de la tabla `niveles`
--
ALTER TABLE `niveles`
  ADD PRIMARY KEY (`id_nivel`);

--
-- Indices de la tabla `partidas_eventos`
--
ALTER TABLE `partidas_eventos`
  ADD PRIMARY KEY (`id`),
  ADD KEY `id_jugador` (`id_jugador`),
  ADD KEY `id_jugador_sala` (`id_jugador_sala`),
  ADD KEY `id_tipo_evento` (`id_tipo_evento`),
  ADD KEY `id_sala` (`id_sala`),
  ADD KEY `fk_arma_id` (`arma_id`);

--
-- Indices de la tabla `recuperacion_contrasena`
--
ALTER TABLE `recuperacion_contrasena`
  ADD PRIMARY KEY (`id`),
  ADD UNIQUE KEY `token_recuperacion` (`token_recuperacion`),
  ADD KEY `id_usuario` (`id_usuario`);

--
-- Indices de la tabla `roles`
--
ALTER TABLE `roles`
  ADD PRIMARY KEY (`id_rol`);

--
-- Indices de la tabla `salas`
--
ALTER TABLE `salas`
  ADD PRIMARY KEY (`id_sala`),
  ADD KEY `id_mundo` (`id_mundo`),
  ADD KEY `id_nivel` (`id_nivel`),
  ADD KEY `id_estado_sala` (`id_estado_sala`),
  ADD KEY `id_ganador` (`id_ganador`);

--
-- Indices de la tabla `tipos_armas`
--
ALTER TABLE `tipos_armas`
  ADD PRIMARY KEY (`id_tip_arma`);

--
-- Indices de la tabla `tipos_eventos`
--
ALTER TABLE `tipos_eventos`
  ADD PRIMARY KEY (`id_tip_evento`);

--
-- Indices de la tabla `usuarios`
--
ALTER TABLE `usuarios`
  ADD PRIMARY KEY (`doc`),
  ADD UNIQUE KEY `nom_usu` (`nom_usu`),
  ADD UNIQUE KEY `email` (`email`),
  ADD KEY `id_rol` (`id_rol`),
  ADD KEY `id_estado` (`id_estado`),
  ADD KEY `usuarios_ibfk_3` (`id_avatar`);

--
-- Indices de la tabla `usuarios_niveles`
--
ALTER TABLE `usuarios_niveles`
  ADD PRIMARY KEY (`id`),
  ADD KEY `id_usuario` (`id_usuario`),
  ADD KEY `id_nivel` (`id_nivel`);

--
-- AUTO_INCREMENT de las tablas volcadas
--

--
-- AUTO_INCREMENT de la tabla `armas`
--
ALTER TABLE `armas`
  MODIFY `id_arma` int(11) NOT NULL AUTO_INCREMENT, AUTO_INCREMENT=12;

--
-- AUTO_INCREMENT de la tabla `avatar`
--
ALTER TABLE `avatar`
  MODIFY `id_avatar` int(11) NOT NULL AUTO_INCREMENT, AUTO_INCREMENT=6;

--
-- AUTO_INCREMENT de la tabla `estados`
--
ALTER TABLE `estados`
  MODIFY `id_estado` int(11) NOT NULL AUTO_INCREMENT, AUTO_INCREMENT=7;

--
-- AUTO_INCREMENT de la tabla `jugadores_armas`
--
ALTER TABLE `jugadores_armas`
  MODIFY `id` int(11) NOT NULL AUTO_INCREMENT, AUTO_INCREMENT=81;

--
-- AUTO_INCREMENT de la tabla `jugadores_salas`
--
ALTER TABLE `jugadores_salas`
  MODIFY `id` int(11) NOT NULL AUTO_INCREMENT, AUTO_INCREMENT=154;

--
-- AUTO_INCREMENT de la tabla `mundos`
--
ALTER TABLE `mundos`
  MODIFY `id_mundo` int(11) NOT NULL AUTO_INCREMENT, AUTO_INCREMENT=3;

--
-- AUTO_INCREMENT de la tabla `niveles`
--
ALTER TABLE `niveles`
  MODIFY `id_nivel` int(11) NOT NULL AUTO_INCREMENT, AUTO_INCREMENT=3;

--
-- AUTO_INCREMENT de la tabla `partidas_eventos`
--
ALTER TABLE `partidas_eventos`
  MODIFY `id` int(11) NOT NULL AUTO_INCREMENT, AUTO_INCREMENT=2466;

--
-- AUTO_INCREMENT de la tabla `recuperacion_contrasena`
--
ALTER TABLE `recuperacion_contrasena`
  MODIFY `id` int(11) NOT NULL AUTO_INCREMENT, AUTO_INCREMENT=12;

--
-- AUTO_INCREMENT de la tabla `roles`
--
ALTER TABLE `roles`
  MODIFY `id_rol` int(11) NOT NULL AUTO_INCREMENT, AUTO_INCREMENT=3;

--
-- AUTO_INCREMENT de la tabla `salas`
--
ALTER TABLE `salas`
  MODIFY `id_sala` int(11) NOT NULL AUTO_INCREMENT, AUTO_INCREMENT=45;

--
-- AUTO_INCREMENT de la tabla `tipos_armas`
--
ALTER TABLE `tipos_armas`
  MODIFY `id_tip_arma` int(11) NOT NULL AUTO_INCREMENT, AUTO_INCREMENT=5;

--
-- AUTO_INCREMENT de la tabla `tipos_eventos`
--
ALTER TABLE `tipos_eventos`
  MODIFY `id_tip_evento` int(11) NOT NULL AUTO_INCREMENT, AUTO_INCREMENT=5;

--
-- AUTO_INCREMENT de la tabla `usuarios`
--
ALTER TABLE `usuarios`
  MODIFY `doc` int(11) NOT NULL AUTO_INCREMENT, AUTO_INCREMENT=10000010;

--
-- AUTO_INCREMENT de la tabla `usuarios_niveles`
--
ALTER TABLE `usuarios_niveles`
  MODIFY `id` int(11) NOT NULL AUTO_INCREMENT, AUTO_INCREMENT=7;

--
-- Restricciones para tablas volcadas
--

--
-- Filtros para la tabla `armas`
--
ALTER TABLE `armas`
  ADD CONSTRAINT `armas_ibfk_1` FOREIGN KEY (`id_tipo_arma`) REFERENCES `tipos_armas` (`id_tip_arma`);

--
-- Filtros para la tabla `jugadores_armas`
--
ALTER TABLE `jugadores_armas`
  ADD CONSTRAINT `jugadores_armas_ibfk_1` FOREIGN KEY (`id_jugador`) REFERENCES `usuarios` (`doc`),
  ADD CONSTRAINT `jugadores_armas_ibfk_2` FOREIGN KEY (`id_arma`) REFERENCES `armas` (`id_arma`);

--
-- Filtros para la tabla `jugadores_salas`
--
ALTER TABLE `jugadores_salas`
  ADD CONSTRAINT `jugadores_salas_ibfk_1` FOREIGN KEY (`id_jugador`) REFERENCES `usuarios` (`doc`),
  ADD CONSTRAINT `jugadores_salas_ibfk_2` FOREIGN KEY (`id_sala`) REFERENCES `salas` (`id_sala`),
  ADD CONSTRAINT `jugadores_salas_ibfk_3` FOREIGN KEY (`id_estado_sala`) REFERENCES `estados` (`id_estado`);

--
-- Filtros para la tabla `partidas_eventos`
--
ALTER TABLE `partidas_eventos`
  ADD CONSTRAINT `fk_arma_id` FOREIGN KEY (`arma_id`) REFERENCES `armas` (`id_arma`) ON DELETE SET NULL,
  ADD CONSTRAINT `partidas_eventos_ibfk_1` FOREIGN KEY (`id_jugador`) REFERENCES `usuarios` (`doc`),
  ADD CONSTRAINT `partidas_eventos_ibfk_2` FOREIGN KEY (`id_jugador_sala`) REFERENCES `jugadores_salas` (`id`),
  ADD CONSTRAINT `partidas_eventos_ibfk_3` FOREIGN KEY (`id_tipo_evento`) REFERENCES `tipos_eventos` (`id_tip_evento`),
  ADD CONSTRAINT `partidas_eventos_ibfk_4` FOREIGN KEY (`id_sala`) REFERENCES `salas` (`id_sala`);

--
-- Filtros para la tabla `recuperacion_contrasena`
--
ALTER TABLE `recuperacion_contrasena`
  ADD CONSTRAINT `recuperacion_contrasena_ibfk_1` FOREIGN KEY (`id_usuario`) REFERENCES `usuarios` (`doc`);

--
-- Filtros para la tabla `salas`
--
ALTER TABLE `salas`
  ADD CONSTRAINT `salas_ibfk_1` FOREIGN KEY (`id_mundo`) REFERENCES `mundos` (`id_mundo`),
  ADD CONSTRAINT `salas_ibfk_2` FOREIGN KEY (`id_nivel`) REFERENCES `niveles` (`id_nivel`),
  ADD CONSTRAINT `salas_ibfk_3` FOREIGN KEY (`id_estado_sala`) REFERENCES `estados` (`id_estado`),
  ADD CONSTRAINT `salas_ibfk_4` FOREIGN KEY (`id_ganador`) REFERENCES `usuarios` (`doc`);

--
-- Filtros para la tabla `usuarios`
--
ALTER TABLE `usuarios`
  ADD CONSTRAINT `usuarios_ibfk_1` FOREIGN KEY (`id_rol`) REFERENCES `roles` (`id_rol`),
  ADD CONSTRAINT `usuarios_ibfk_2` FOREIGN KEY (`id_estado`) REFERENCES `estados` (`id_estado`),
  ADD CONSTRAINT `usuarios_ibfk_3` FOREIGN KEY (`id_avatar`) REFERENCES `avatar` (`id_avatar`);

--
-- Filtros para la tabla `usuarios_niveles`
--
ALTER TABLE `usuarios_niveles`
  ADD CONSTRAINT `usuarios_niveles_ibfk_1` FOREIGN KEY (`id_usuario`) REFERENCES `usuarios` (`doc`),
  ADD CONSTRAINT `usuarios_niveles_ibfk_2` FOREIGN KEY (`id_nivel`) REFERENCES `niveles` (`id_nivel`);

DELIMITER $$
--
-- Eventos
--
CREATE DEFINER=`root`@`localhost` EVENT `actualizar_estado_inactivo` ON SCHEDULE EVERY 1 HOUR STARTS '2025-03-09 23:16:20' ON COMPLETION NOT PRESERVE ENABLE DO UPDATE usuarios
    SET id_estado = 3
    WHERE TIMESTAMPDIFF(DAY, ultima_sesion, CURRENT_TIMESTAMP()) > 9
      AND ultima_sesion IS NOT NULL$$

DELIMITER ;
COMMIT;

/*!40101 SET CHARACTER_SET_CLIENT=@OLD_CHARACTER_SET_CLIENT */;
/*!40101 SET CHARACTER_SET_RESULTS=@OLD_CHARACTER_SET_RESULTS */;
/*!40101 SET COLLATION_CONNECTION=@OLD_COLLATION_CONNECTION */;
